id,label,type,source,target,weight,icon,color,size
N0,EIIDN545,node,,,,icon10.png,#8a8758,6
N1,VSECT604,node,,,,icon9.png,#f5ab14,6
N2,BSANI916,node,,,,,#1725a4,19
N3,DMWMT112,node,,,,icon5.png,#dc2fcb,15
N4,LQTLH617,node,,,,icon10.png,#066c76,8
N5,PANLN153,node,,,,,#dd67a2,5
N6,GGQTY671,node,,,,icon5.png,#637427,16
N7,UVSLM875,node,,,,icon7.png,#9a68dd,7
N8,ZDZOG412,node,,,,icon6.png,#f1a87d,5
N9,FFMHR189,node,,,,icon4.png,#8dac5c,16
N10,SCZIM977,node,,,,icon4.png,#637ed3,18
N11,ZSLYN276,node,,,,,#0f9532,8
N12,RDDXD531,node,,,,icon10.png,#3121e8,11
N13,IGYZN302,node,,,,icon7.png,#7ed949,14
N14,PHNLU631,node,,,,,#4ec54c,5
N15,PZIEM544,node,,,,icon9.png,#09d0e0,14
N16,IBEWP813,node,,,,icon1.png,#33b6b3,16
N17,RTTSN630,node,,,,icon2.png,#e79063,18
N18,JGBXT680,node,,,,icon8.png,#3f00af,20
N19,HZBAY914,node,,,,,#27af65,14
N20,KLOOJ523,node,,,,icon2.png,#119744,8
N21,TYASO636,node,,,,,#86f4c7,19
N22,LBWNP120,node,,,,,#d9abdd,17
N23,MXNHC632,node,,,,icon4.png,#6c0feb,9
N24,UPDBQ857,node,,,,,#e18088,5
N25,GFTZH174,node,,,,,#b3ef69,20
N26,QBFTM993,node,,,,,#3c1a59,7
N27,ECLAR138,node,,,,icon3.png,#1ebb8d,7
N28,ACQMQ190,node,,,,,#04f8b3,19
N29,OZSXO459,node,,,,icon10.png,#3e7705,14
N30,VZGED846,node,,,,,#7a3b6a,13
N31,HVYFW881,node,,,,,#9f67ea,10
N32,KBAFT518,node,,,,,#494658,14
N33,YVULR914,node,,,,icon10.png,#777368,16
N34,DBGPX220,node,,,,,#4a05f9,20
N35,WSXYU284,node,,,,,#6cb72c,10
N36,XSIDO280,node,,,,icon3.png,#ca9c60,10
N37,UJCVV349,node,,,,icon6.png,#5150d9,18
N38,ORXWA320,node,,,,,#620f7d,17
N39,MHWRW153,node,,,,icon6.png,#d3cef3,14
N40,DRPUS986,node,,,,icon8.png,#a09bb7,14
N41,PSBZD125,node,,,,icon8.png,#bfbb66,11
N42,CXTFM880,node,,,,,#5efa97,13
N43,AKKQQ350,node,,,,icon9.png,#e87eb3,9
N44,UGWCP946,node,,,,,#d6ed4f,15
N45,AFDZZ710,node,,,,icon2.png,#f4bd9a,16
N46,NPPRD662,node,,,,icon10.png,#697b4e,7
N47,ELAMD440,node,,,,icon5.png,#32c7e7,18
N48,YDNGE231,node,,,,icon6.png,#bf9cbc,9
N49,ROKSI497,node,,,,icon3.png,#86837b,8
N50,ENJRC807,node,,,,icon2.png,#f0603b,19
N51,SCQWF788,node,,,,icon2.png,#f33f8e,9
N52,TKXLP826,node,,,,,#246bae,13
N53,GKASU708,node,,,,icon8.png,#ecad19,18
N54,SQYQQ894,node,,,,icon8.png,#7849e4,6
N55,SEUTG639,node,,,,,#39a229,6
N56,BESIW449,node,,,,,#c0a33a,5
N57,SPPLA197,node,,,,icon10.png,#36056a,8
N58,NXIHE182,node,,,,icon1.png,#b5d3ca,7
N59,FKBBC309,node,,,,icon9.png,#5bda5b,9
N60,VSARO635,node,,,,icon5.png,#26b827,20
N61,URYDY660,node,,,,,#7d4533,18
N62,GZSGU819,node,,,,icon8.png,#268e18,10
N63,CYRUR782,node,,,,icon10.png,#4a6f52,19
N64,ZBUKJ453,node,,,,icon4.png,#7d6f0a,14
N65,GTYPS921,node,,,,,#36a497,18
N66,TXZGB748,node,,,,icon10.png,#f122b8,16
N67,RKBHP724,node,,,,,#55bbcc,12
N68,VZVME512,node,,,,,#0b32c5,14
N69,JPJCN924,node,,,,,#7c4041,19
N70,BVFZN621,node,,,,icon4.png,#02d541,16
N71,GNLMI280,node,,,,icon8.png,#16f851,14
N72,GNZWA929,node,,,,,#49c9ec,15
N73,DEONV747,node,,,,icon8.png,#7b0f6f,14
N74,WOCYW102,node,,,,icon8.png,#19cb4f,7
N75,VEBZZ392,node,,,,icon1.png,#787487,6
N76,YIBPO690,node,,,,,#e469f6,11
N77,SXEPD808,node,,,,,#5d7d5c,19
N78,OSHXK846,node,,,,,#54de0b,10
N79,EWAJF387,node,,,,icon1.png,#42e95b,12
N80,XBZOL327,node,,,,icon6.png,#dd4fdd,18
N81,CNCQN799,node,,,,,#2767a9,8
N82,JMVAJ403,node,,,,,#20cb39,7
N83,XBIDD829,node,,,,icon5.png,#944952,15
N84,JJGMW786,node,,,,,#d6096c,7
N85,AHKFD873,node,,,,icon1.png,#456713,8
N86,SBESI387,node,,,,icon6.png,#a2dd27,10
N87,TOPDD267,node,,,,icon1.png,#36fab4,16
N88,CIYFA331,node,,,,icon2.png,#c3ae7f,17
N89,EBJNA319,node,,,,icon7.png,#ddd1fd,11
N90,OIRPY791,node,,,,icon6.png,#cd1887,12
N91,YOXJF154,node,,,,icon4.png,#32fb5f,16
N92,VPGDD417,node,,,,,#a4f8fa,14
N93,FITGD213,node,,,,icon3.png,#218e91,5
N94,YHMSP869,node,,,,,#9b5a12,13
N95,KRQNE863,node,,,,icon5.png,#f9c688,12
N96,QCJIQ367,node,,,,,#721c11,9
N97,VYCDX383,node,,,,icon6.png,#6ce64c,8
N98,NNEUP503,node,,,,,#4fc319,8
N99,ULPAZ677,node,,,,,#7e2b1b,15
N100,VFRMD888,node,,,,icon10.png,#6fd07b,18
N101,OQPRS138,node,,,,,#583570,17
N102,WAVXD957,node,,,,,#6e4412,9
N103,RHXAW337,node,,,,icon2.png,#18893c,12
N104,QDLZT600,node,,,,icon10.png,#eb5790,7
N105,ZSRVU677,node,,,,,#7fdc52,20
N106,ILWWK949,node,,,,icon8.png,#84c475,9
N107,MMABA536,node,,,,icon3.png,#23eaec,12
N108,PYQBJ768,node,,,,,#a24fed,9
N109,WRDNY606,node,,,,icon9.png,#0c67cb,13
N110,DOSUC753,node,,,,,#b5dd17,8
N111,SAFVM564,node,,,,icon1.png,#9513df,18
N112,MWQOC911,node,,,,icon10.png,#a88060,7
N113,PMLWA810,node,,,,,#a33416,16
N114,NVDRQ653,node,,,,icon8.png,#54e58a,19
N115,QEKPI307,node,,,,,#114589,11
N116,KDJYY927,node,,,,,#fbe030,6
N117,RTTNP253,node,,,,,#552dda,11
N118,JOZOK591,node,,,,icon5.png,#ca8ffc,8
N119,NKHYT270,node,,,,icon10.png,#95785f,14
N120,USVQK555,node,,,,,#472e73,7
N121,UJRGX624,node,,,,icon10.png,#f01b5c,18
N122,NSHVZ591,node,,,,,#7f191c,15
N123,VKTKX449,node,,,,icon8.png,#d34594,7
N124,BSCBU560,node,,,,icon3.png,#e3661d,8
N125,ALXUR146,node,,,,icon2.png,#dca609,8
N126,VTJRE239,node,,,,,#dd13b2,8
N127,FZOCT275,node,,,,,#5a070e,12
N128,FXAFU870,node,,,,icon2.png,#1ac348,19
N129,XDCTD100,node,,,,,#e07600,8
N130,HWLEB425,node,,,,,#858a68,15
N131,DLWWX334,node,,,,,#cfee1c,6
N132,PGIZN863,node,,,,icon10.png,#d08fce,13
N133,HCMWS618,node,,,,,#ae0e42,19
N134,MQDSE579,node,,,,,#8ff675,13
N135,ZBSGT952,node,,,,,#20a0b9,9
N136,JAVVH102,node,,,,icon10.png,#f17fac,9
N137,XBEWM672,node,,,,,#881d78,6
N138,ACCAZ976,node,,,,icon2.png,#e88b4f,6
N139,UJPOR275,node,,,,,#f5704f,11
N140,OHRAK207,node,,,,icon7.png,#0b04bf,8
N141,DGESP236,node,,,,,#ab68ed,13
N142,BDMBS235,node,,,,,#000b28,10
N143,OKPGE169,node,,,,,#995bf3,6
N144,XBHBA902,node,,,,,#5fdaa0,15
N145,RLWVJ699,node,,,,,#25d68c,5
N146,DLLFV527,node,,,,icon4.png,#65e7cf,18
N147,CCLDV181,node,,,,icon10.png,#5d4b3a,15
N148,YJVLR629,node,,,,icon3.png,#15dc60,17
N149,RKNAP865,node,,,,,#9b223b,12
N150,XVCRE436,node,,,,icon9.png,#8a271c,10
N151,GUHZM292,node,,,,icon5.png,#cdcf52,16
N152,SJBFW272,node,,,,icon10.png,#b070c4,10
N153,PJOVC450,node,,,,icon6.png,#f35ffb,13
N154,LZEGS393,node,,,,icon10.png,#ed85e0,9
N155,BDXKI897,node,,,,icon1.png,#6c0342,19
N156,LONKC157,node,,,,,#4338d7,8
N157,HLYAU253,node,,,,,#5aa39e,20
N158,NIXIL112,node,,,,icon5.png,#3b8575,20
N159,NEQXK513,node,,,,icon8.png,#661b03,7
N160,NBPWG850,node,,,,,#8edd7a,9
N161,BEYBN565,node,,,,icon7.png,#225433,13
N162,ODTWI845,node,,,,icon6.png,#d16ad0,7
N163,HSKGV938,node,,,,,#108287,13
N164,AMTDV535,node,,,,,#be6152,12
N165,ZPIRM130,node,,,,,#bf9096,10
N166,KIMCP189,node,,,,icon6.png,#911c31,17
N167,VWFRA824,node,,,,,#5269c0,14
N168,BDSEM621,node,,,,,#2dfe03,20
N169,IKXIO819,node,,,,icon3.png,#e595cf,7
N170,XCMLR844,node,,,,icon9.png,#237b78,5
N171,UZDFB212,node,,,,icon6.png,#1e8947,14
N172,HKPQK706,node,,,,icon4.png,#3db2ff,9
N173,RUOGT640,node,,,,,#7bcf65,15
N174,CBHIF320,node,,,,icon1.png,#83cd28,13
N175,BRRBS552,node,,,,,#84f9bd,5
N176,TUXUC778,node,,,,icon6.png,#60aca8,16
N177,PSRQJ750,node,,,,,#c9289d,6
N178,DIAWT367,node,,,,icon6.png,#8c596f,14
N179,SHFSG672,node,,,,,#8e4f08,19
N180,CHQRK170,node,,,,icon5.png,#a86c2c,13
N181,PFRUU561,node,,,,icon3.png,#2487eb,15
N182,BSVWW168,node,,,,icon3.png,#25d7c5,7
N183,BLSVD592,node,,,,icon8.png,#07a5b2,10
N184,PENIX838,node,,,,icon8.png,#a31169,8
N185,CPWZN912,node,,,,icon4.png,#be96f2,20
N186,VEADZ222,node,,,,icon3.png,#23fb43,8
N187,EZBHG498,node,,,,icon9.png,#c36c5d,14
N188,FCPHU264,node,,,,icon4.png,#1a47a1,9
N189,QWQIZ619,node,,,,,#64dba7,15
N190,DJOOT419,node,,,,,#149a14,14
N191,UMLQL982,node,,,,icon4.png,#4bbd41,5
N192,CZAVP981,node,,,,icon2.png,#6dd5d5,7
N193,UAFWQ750,node,,,,,#21ca9b,18
N194,PNNSK368,node,,,,icon1.png,#63a2b4,5
N195,YSOGE483,node,,,,,#a5da51,13
N196,BVNVS588,node,,,,,#a5adc1,16
N197,QWELB148,node,,,,icon7.png,#302110,5
N198,VMOKH814,node,,,,icon7.png,#6e56b5,8
N199,MPIZN959,node,,,,icon8.png,#da968b,6
N200,QTSEN146,node,,,,icon6.png,#ef1d88,9
N201,OHYKF673,node,,,,icon8.png,#a89b43,18
N202,HPRHB398,node,,,,icon5.png,#2c616d,16
N203,CKVYT772,node,,,,icon1.png,#48a91a,6
N204,PRKKV138,node,,,,icon1.png,#5d0088,13
N205,VMHFC451,node,,,,,#44eb4d,19
N206,CIREA908,node,,,,icon8.png,#911f09,11
N207,HMKNN817,node,,,,icon6.png,#fc035c,10
N208,UZTFA128,node,,,,,#9b5b6e,12
N209,EOXHK626,node,,,,,#6a0240,11
N210,YUPVD611,node,,,,,#b342e6,9
N211,ENBCC545,node,,,,,#cba276,12
N212,CUKAV215,node,,,,icon5.png,#2bd1c6,19
N213,ITATP247,node,,,,,#9ecbc4,12
N214,JNWHI909,node,,,,icon4.png,#220770,10
N215,DHZLH815,node,,,,,#6dc5ae,16
N216,YZUVV421,node,,,,icon6.png,#383c66,9
N217,QDJBZ197,node,,,,icon2.png,#025c14,13
N218,KVXOT405,node,,,,,#ac0404,11
N219,UVQAJ710,node,,,,,#312dbf,6
N220,COTAM830,node,,,,,#d16433,5
N221,XGTSA684,node,,,,icon8.png,#d7fdf0,8
N222,QRFIX838,node,,,,icon7.png,#b86236,12
N223,PJTRM479,node,,,,icon3.png,#75e2d9,12
N224,KIPHO200,node,,,,icon1.png,#0a5ed1,5
N225,DPDMC262,node,,,,icon9.png,#2dd413,7
N226,BYOLE962,node,,,,icon9.png,#8a7ced,11
N227,PMOWT268,node,,,,icon8.png,#bb8b85,8
N228,DHETP982,node,,,,icon3.png,#ff052c,19
N229,JWPLB603,node,,,,,#a9ec99,15
N230,VSHZX243,node,,,,icon1.png,#6755a5,14
N231,GOEEJ173,node,,,,icon6.png,#654547,6
N232,OQTRJ643,node,,,,,#c72cd7,7
N233,HTUMZ123,node,,,,,#ef3408,17
N234,XCENT994,node,,,,icon8.png,#a16b30,20
N235,TDDTG281,node,,,,,#daef6e,18
N236,LLEBM350,node,,,,,#10bd1c,11
N237,IIZKS584,node,,,,icon3.png,#71ea0e,6
N238,XDBVZ257,node,,,,icon5.png,#2d2f47,18
N239,MZRFE792,node,,,,icon8.png,#0cb6ad,10
N240,ZYDJB780,node,,,,icon7.png,#23640f,12
N241,SWGIP863,node,,,,icon8.png,#a784ba,7
N242,TVDLS736,node,,,,icon1.png,#5b3a88,10
N243,AJMBC119,node,,,,,#8ce22b,14
N244,UNVBA815,node,,,,icon8.png,#34262d,12
N245,VSXCX312,node,,,,,#df572c,19
N246,MGZZE525,node,,,,icon2.png,#def56c,7
N247,ZJIHC808,node,,,,icon10.png,#01eefb,16
N248,HMSWD116,node,,,,icon3.png,#0d6bb2,18
N249,NZYPP573,node,,,,icon7.png,#ebb8dd,6
N250,XIEGS535,node,,,,,#6105c8,12
N251,KUWWQ963,node,,,,icon1.png,#5e5f0c,17
N252,PDKRL770,node,,,,,#cabd16,7
N253,OXQTR423,node,,,,,#7d084b,12
N254,PRGOR397,node,,,,icon7.png,#4e769b,20
N255,UGWNL661,node,,,,icon2.png,#3875fe,16
N256,JNWFO249,node,,,,icon8.png,#b3be60,6
N257,CAFRL735,node,,,,icon7.png,#debf39,5
N258,TEKSU566,node,,,,,#31bce7,5
N259,TKDQF543,node,,,,icon5.png,#b68236,8
N260,VCDKN781,node,,,,,#1b8184,19
N261,HDOSQ859,node,,,,,#048f3c,20
N262,DZBAS503,node,,,,,#c203cb,15
N263,VUKAV440,node,,,,,#9fcbdd,11
N264,ABMNI924,node,,,,icon8.png,#1c9c4b,11
N265,IHZKK315,node,,,,icon9.png,#985d78,9
N266,OIZGL709,node,,,,icon1.png,#5ec9fe,12
N267,WGPLZ738,node,,,,icon6.png,#900713,18
N268,IEDPC234,node,,,,,#aa5442,14
N269,HJKDF158,node,,,,icon1.png,#560a91,19
N270,ABFDF900,node,,,,icon6.png,#930e17,7
N271,PZWDI540,node,,,,,#feed81,19
N272,UBCTI745,node,,,,,#9073ed,15
N273,CASVC201,node,,,,icon1.png,#68481c,9
N274,FZWOU904,node,,,,icon6.png,#013d33,6
N275,CPFFA558,node,,,,icon8.png,#fcd1a2,12
N276,WYPVR614,node,,,,icon3.png,#922a3d,8
N277,NVKST255,node,,,,icon7.png,#56dfb6,10
N278,VDAKF112,node,,,,icon7.png,#ccb345,16
N279,PLGQZ796,node,,,,icon4.png,#8c140b,7
N280,JZYTY437,node,,,,icon7.png,#65a46d,6
N281,FVGLD531,node,,,,icon7.png,#9acbd9,18
N282,VCDXK268,node,,,,icon9.png,#362909,7
N283,RFUDV982,node,,,,icon3.png,#b3f08e,6
N284,AFTDK950,node,,,,icon7.png,#6204c7,17
N285,OVDFF767,node,,,,icon6.png,#bf0336,14
N286,XMAUH947,node,,,,icon4.png,#13f39f,11
N287,NMJST355,node,,,,,#98a68f,20
N288,NIIGA222,node,,,,,#cf85d3,12
N289,CRVJL798,node,,,,icon1.png,#9df16e,10
N290,OXOBK405,node,,,,icon6.png,#c9ba75,14
N291,VACJL349,node,,,,,#09723f,14
N292,CWVFO495,node,,,,,#9a11c0,15
N293,WZQGQ536,node,,,,icon5.png,#eb4b91,14
N294,QONUS229,node,,,,icon7.png,#4b1112,18
N295,CYTUM887,node,,,,,#701429,17
N296,DQWEQ607,node,,,,,#6a3d30,11
N297,ZGIDF603,node,,,,,#d45573,15
N298,RAMWF587,node,,,,icon1.png,#345c63,18
N299,CBHEN623,node,,,,icon2.png,#908a22,14
N300,MFASY120,node,,,,icon9.png,#03577c,17
N301,VHGOX944,node,,,,,#108409,9
N302,GBMEY433,node,,,,icon9.png,#f5df07,14
N303,EWMCF977,node,,,,icon6.png,#5ed90b,18
N304,EPTFS129,node,,,,icon10.png,#24a429,15
N305,RPGSH161,node,,,,icon1.png,#4e566e,10
N306,EASQU766,node,,,,,#83cd7b,15
N307,GONUZ325,node,,,,,#4c9821,19
N308,NDOED822,node,,,,,#c753f2,19
N309,XFKAL242,node,,,,,#ff3321,5
N310,IAKJU196,node,,,,icon2.png,#6f4922,13
N311,QHSHN383,node,,,,,#411877,5
N312,EJNJR142,node,,,,,#bb5e15,9
N313,XRCAA367,node,,,,icon2.png,#a20e4b,15
N314,BFFEZ120,node,,,,icon4.png,#1de00f,12
N315,YRBQT961,node,,,,icon1.png,#862311,14
N316,YQMUJ289,node,,,,,#74f273,16
N317,JBGIK383,node,,,,icon3.png,#a9a6db,17
N318,SJUDV492,node,,,,icon10.png,#54503c,19
N319,AMBOU426,node,,,,icon3.png,#3b9d85,15
N320,RGWCA502,node,,,,,#2129e0,12
N321,ZNXXP605,node,,,,,#4f468b,13
N322,FJPDE408,node,,,,,#05e2bc,16
N323,PIVUA936,node,,,,icon2.png,#90d9e7,14
N324,NBAHM959,node,,,,icon1.png,#d142fa,13
N325,WSDCR426,node,,,,icon4.png,#597a75,6
N326,IRVFI527,node,,,,,#4d717a,12
N327,EKDWG459,node,,,,icon3.png,#ac2981,14
N328,GJHSW100,node,,,,icon2.png,#b56a50,5
N329,WUZGC652,node,,,,,#6da994,12
N330,CBUZF876,node,,,,icon8.png,#46f92c,17
N331,IXEUK528,node,,,,icon1.png,#8cad26,18
N332,HSSVM590,node,,,,icon10.png,#9b390b,12
N333,RCDMJ451,node,,,,,#d714db,18
N334,LUPFF703,node,,,,,#ca6f42,7
N335,PBWVD537,node,,,,,#e591be,20
N336,KUVYQ695,node,,,,,#25e449,6
N337,ICSAM796,node,,,,,#4f0cea,14
N338,IYFHT180,node,,,,icon4.png,#a3c9df,19
N339,RRAMQ328,node,,,,icon6.png,#43ef4b,8
N340,AINCR774,node,,,,,#de5414,11
N341,NFQER700,node,,,,,#52d48c,20
N342,KMRAO194,node,,,,icon5.png,#a2b6cf,12
N343,PZYIW820,node,,,,,#17bfb5,7
N344,GMKME990,node,,,,,#cc203c,15
N345,KPXWT766,node,,,,,#326774,13
N346,JSDGP856,node,,,,,#b312c6,10
N347,WSXCH381,node,,,,icon8.png,#adb02e,12
N348,NVSQK269,node,,,,icon8.png,#ddea25,11
N349,OFTBY450,node,,,,icon7.png,#190522,20
N350,CKNMY122,node,,,,icon9.png,#f6e841,15
N351,DHDVD857,node,,,,,#39e9a6,20
N352,WYJFM770,node,,,,icon2.png,#aa442a,9
N353,YBHHP877,node,,,,icon9.png,#1a6d28,10
N354,VZLQP787,node,,,,icon6.png,#ecac3d,8
N355,IYHDL366,node,,,,icon10.png,#f31eba,6
N356,FDQEI537,node,,,,,#8dc31f,14
N357,ROGBB537,node,,,,icon10.png,#045f01,8
N358,HJUDU858,node,,,,,#0764a2,7
N359,JIXPZ311,node,,,,icon4.png,#01276e,20
N360,YJKDO554,node,,,,icon5.png,#4ab0ea,16
N361,OMFDT755,node,,,,icon5.png,#ff2331,20
N362,CFWNF380,node,,,,icon10.png,#6a8b43,16
N363,XQIZX183,node,,,,,#9afa6e,12
N364,ANLBF285,node,,,,,#38318e,10
N365,CDSLC984,node,,,,,#0a0a9d,6
N366,YJTHN259,node,,,,icon1.png,#2b9f14,13
N367,LICZC141,node,,,,,#a81d67,20
N368,TVKVI166,node,,,,,#94069f,14
N369,ZRZCZ780,node,,,,,#d3e4cb,16
N370,HPXFW457,node,,,,,#5b26a9,15
N371,YQTPZ807,node,,,,icon2.png,#48f658,12
N372,LIBCK822,node,,,,icon3.png,#8d8a7a,7
N373,GIISZ371,node,,,,icon3.png,#ac16d2,5
N374,GWXPW718,node,,,,,#399f73,13
N375,AEPTG440,node,,,,icon10.png,#a29e65,19
N376,QSOVD155,node,,,,icon9.png,#3f15ad,17
N377,JWHHT104,node,,,,,#d8a2bb,8
N378,RIZAF376,node,,,,,#08edf9,5
N379,PBXXI423,node,,,,icon1.png,#bd660e,9
N380,TBCYV516,node,,,,icon10.png,#322f43,5
N381,DJNCR393,node,,,,,#a2b644,16
N382,YVPEM631,node,,,,icon1.png,#112da0,6
N383,AGSRO402,node,,,,,#68858e,13
N384,WTLBU982,node,,,,icon6.png,#068d60,15
N385,CXXIS986,node,,,,,#ae0f15,16
N386,QDNJE390,node,,,,icon6.png,#107a59,14
N387,QRXOK884,node,,,,icon7.png,#d8f046,20
N388,ISVQW466,node,,,,,#916991,9
N389,KAQKU599,node,,,,icon10.png,#ffee93,16
N390,KHLNR935,node,,,,icon4.png,#6745b9,20
N391,MGCDU878,node,,,,icon10.png,#601a96,19
N392,QLEXH125,node,,,,,#a41fe2,6
N393,TRBCY852,node,,,,,#9bcd8e,10
N394,MAQAU639,node,,,,,#a44e81,12
N395,GZJXH770,node,,,,icon1.png,#95972b,17
N396,ROMAS340,node,,,,icon9.png,#5112bc,9
N397,AWNEI662,node,,,,icon4.png,#8f26f2,17
N398,EYWJC758,node,,,,icon10.png,#38f8fe,9
N399,NXXJI370,node,,,,,#36d2cc,15
N400,UNRQV711,node,,,,,#752c87,15
N401,ZCJBK618,node,,,,,#a3fbc9,16
N402,EJZGX200,node,,,,,#5a1108,8
N403,JJLYU954,node,,,,,#b10501,8
N404,DKWVH396,node,,,,,#ffaa66,6
N405,ILXEF189,node,,,,,#aa4fc3,8
N406,BLZNX867,node,,,,,#22728a,19
N407,TWXQW651,node,,,,icon3.png,#968b6a,10
N408,QNIUT541,node,,,,icon6.png,#732f52,6
N409,YDOEW259,node,,,,icon10.png,#da087e,18
N410,WHMSV800,node,,,,,#bf83c9,8
N411,CBDOI178,node,,,,icon2.png,#b9c566,15
N412,XPWBB479,node,,,,icon9.png,#f7631d,8
N413,YBAEA104,node,,,,icon5.png,#28d94b,9
N414,ORRPQ966,node,,,,icon6.png,#ee09f2,14
N415,FSCUW998,node,,,,icon5.png,#82ac4c,5
N416,PFVNO320,node,,,,,#56ed38,19
N417,VVNYB462,node,,,,icon2.png,#8b40a9,16
N418,WWLWI624,node,,,,,#cebb76,15
N419,MTPQG875,node,,,,icon4.png,#06c8e7,9
N420,IQZTN562,node,,,,,#27920b,7
N421,ZMOFH764,node,,,,icon2.png,#de47ac,15
N422,NWITW877,node,,,,,#561eb0,14
N423,FYMHJ628,node,,,,icon6.png,#01bac7,10
N424,ZQZNA396,node,,,,icon10.png,#5b0753,10
N425,BVJAQ873,node,,,,icon10.png,#e023fa,14
N426,PKUJW189,node,,,,icon4.png,#d643df,5
N427,VZWKQ180,node,,,,icon2.png,#573aa9,14
N428,WYTGF627,node,,,,,#bdee16,10
N429,ZOCVR114,node,,,,icon7.png,#b28b21,6
N430,PMQPT547,node,,,,icon3.png,#be097d,7
N431,CQIOZ258,node,,,,icon9.png,#1bdf18,13
N432,MZKZE127,node,,,,icon3.png,#b2439a,15
N433,IYALX931,node,,,,,#4b669d,20
N434,APJKU141,node,,,,,#5ea318,6
N435,GPQAF717,node,,,,icon7.png,#1a679e,15
N436,HVTVV711,node,,,,icon7.png,#6b9019,7
N437,LZBPI498,node,,,,,#501fa8,18
N438,GCKSC527,node,,,,icon2.png,#af70ab,10
N439,ODUMX269,node,,,,,#3db8fa,16
N440,WEHAK875,node,,,,,#7c7652,19
N441,JDCUK877,node,,,,,#fde86b,19
N442,UGHHQ407,node,,,,,#b13c72,9
N443,JERYF951,node,,,,icon6.png,#54d968,17
N444,PKHCB796,node,,,,icon2.png,#6f2753,19
N445,EFOYR347,node,,,,,#94b156,16
N446,TQTWE669,node,,,,icon1.png,#c2b81a,17
N447,LJZME101,node,,,,icon4.png,#efcafa,20
N448,VDHZP432,node,,,,,#af3514,17
N449,XNXMR489,node,,,,,#29eb3b,17
N450,SHSKY297,node,,,,icon4.png,#834b42,6
N451,NNQBM227,node,,,,,#e7123c,11
N452,DZNTW351,node,,,,,#7ea365,8
N453,MTQHU191,node,,,,icon9.png,#0a5acd,6
N454,RXOQX973,node,,,,icon7.png,#11acc1,19
N455,MUANC947,node,,,,icon2.png,#9e4952,17
N456,JJPPR698,node,,,,,#ef58bc,11
N457,GBDLO979,node,,,,icon10.png,#3114c7,13
N458,BYHMH478,node,,,,,#92e407,15
N459,IFDAU221,node,,,,icon7.png,#2a4388,14
N460,AXGEW892,node,,,,icon10.png,#942cea,14
N461,WFMQW175,node,,,,icon9.png,#9f05ca,20
N462,DHMNN836,node,,,,icon10.png,#ca564c,13
N463,YQDSK922,node,,,,,#501c08,17
N464,CONIK158,node,,,,,#ddcefe,9
N465,LTGEE986,node,,,,icon4.png,#6b3359,7
N466,XLWRX445,node,,,,,#5975e9,9
N467,OFBOK147,node,,,,icon7.png,#008ae1,14
N468,UEXKN928,node,,,,icon2.png,#40333e,5
N469,BWORT370,node,,,,icon3.png,#1b880f,19
N470,SPTMD302,node,,,,,#393631,17
N471,VSTSD516,node,,,,,#93e763,13
N472,XWSWK544,node,,,,icon7.png,#60f07f,14
N473,MUYZI392,node,,,,,#df329c,14
N474,DNWTH547,node,,,,,#31f7f0,12
N475,TWIAY229,node,,,,,#ac37d2,13
N476,SSOWY655,node,,,,icon7.png,#298e9e,13
N477,ZRBWJ967,node,,,,,#ca66a7,6
N478,LNJRG859,node,,,,,#679d7b,14
N479,NZGLI223,node,,,,,#85768c,11
N480,GOCMS543,node,,,,icon7.png,#bc05d2,10
N481,PDXEX952,node,,,,,#0b205d,6
N482,BQCSQ920,node,,,,icon7.png,#38f492,13
N483,JOBIR464,node,,,,icon5.png,#d6d5f7,17
N484,IVRML461,node,,,,icon9.png,#5ca4dc,14
N485,NCYQB634,node,,,,,#ab25bd,18
N486,DSTNJ742,node,,,,,#b3bbb7,5
N487,LEUVE621,node,,,,icon1.png,#570bbc,12
N488,UWXOO913,node,,,,icon7.png,#183b92,17
N489,VPDTP112,node,,,,icon3.png,#11c930,14
N490,QOKSS581,node,,,,icon8.png,#842ba3,20
N491,OBPZR681,node,,,,icon2.png,#c600ca,16
N492,DHTXR149,node,,,,,#b6f620,16
N493,SQSJZ249,node,,,,,#156422,9
N494,KGVDR347,node,,,,,#f79199,19
N495,LBVTN566,node,,,,icon9.png,#693166,17
N496,NTKML132,node,,,,icon1.png,#aee078,19
N497,UWKID882,node,,,,,#167a27,19
N498,SCYZA778,node,,,,icon2.png,#b26797,8
N499,GKBMR883,node,,,,icon6.png,#93a4b8,12
N500,GFOAP901,node,,,,icon6.png,#e7b444,15
N501,UWRSG943,node,,,,,#c7a1eb,16
N502,TYYUX201,node,,,,,#983a7d,16
N503,DKECK981,node,,,,icon9.png,#795b9a,19
N504,QXZYL597,node,,,,icon9.png,#41332f,15
N505,NHWNV539,node,,,,,#7cd873,7
N506,OENGP551,node,,,,icon2.png,#9b8dd3,9
N507,WKJSX141,node,,,,,#802c5c,18
N508,NBLAB216,node,,,,,#bc598d,11
N509,VGXJO105,node,,,,icon10.png,#2dc21a,6
N510,TFOMD997,node,,,,,#5666f5,10
N511,HUBNH794,node,,,,,#d7b19f,6
N512,LKZHF312,node,,,,icon7.png,#b1f629,20
N513,IPUDR982,node,,,,icon3.png,#96cd47,17
N514,BFHYP650,node,,,,,#5b5487,17
N515,XQOWZ482,node,,,,icon10.png,#82355b,7
N516,RDFGT334,node,,,,,#3dcfa8,11
N517,YZBRZ791,node,,,,icon3.png,#79a3d3,7
N518,UKHGR317,node,,,,icon2.png,#0e4fee,19
N519,QSAZN356,node,,,,icon6.png,#348cad,13
N520,TZYXS883,node,,,,icon10.png,#005831,16
N521,GJTPM185,node,,,,,#f91d73,16
N522,ZKVIN769,node,,,,icon10.png,#824f3a,20
N523,RQZKD955,node,,,,icon2.png,#49cb58,8
N524,CGIQI943,node,,,,icon10.png,#fa4748,9
N525,CKEKY759,node,,,,,#7bffb0,12
N526,MKCCQ449,node,,,,icon8.png,#b28767,14
N527,SCNRD193,node,,,,icon8.png,#7b9bca,8
N528,UPKSW898,node,,,,,#5b54bf,8
N529,ZKWFY587,node,,,,icon5.png,#e58551,10
N530,UKRND603,node,,,,,#8e3896,19
N531,DVILD719,node,,,,,#f1e22d,20
N532,RJHCD572,node,,,,icon10.png,#1bd9e2,20
N533,BEPSA773,node,,,,icon2.png,#b54228,13
N534,TKMOH887,node,,,,icon9.png,#6e92d1,9
N535,XJVEE676,node,,,,,#15063f,6
N536,JMWWC947,node,,,,,#72e54e,5
N537,MQJWB116,node,,,,icon8.png,#00b5a6,13
N538,EMFRK800,node,,,,icon8.png,#83ea32,10
N539,ZHPOW435,node,,,,icon7.png,#b65795,16
N540,XGKSW642,node,,,,icon3.png,#b1a54f,11
N541,OKBHQ859,node,,,,,#b2b30b,9
N542,PVZHB372,node,,,,,#9a487f,10
N543,BPTEX922,node,,,,icon4.png,#afe433,15
N544,PRZVE932,node,,,,icon7.png,#2911a5,15
N545,VOSYO157,node,,,,icon10.png,#3708aa,11
N546,QJUZD572,node,,,,,#4d7456,17
N547,MUWRV199,node,,,,,#d97625,12
N548,ESAIT588,node,,,,icon5.png,#361c31,7
N549,NHLWT311,node,,,,icon7.png,#87a22e,7
N550,XQXLZ481,node,,,,,#c97e2b,13
N551,IDJLM468,node,,,,icon9.png,#72de11,5
N552,UHUUE458,node,,,,,#a64948,13
N553,FZTGY203,node,,,,icon6.png,#088864,16
N554,PQTHE695,node,,,,icon3.png,#5146fe,8
N555,CJODK891,node,,,,icon7.png,#820bc2,10
N556,TFHIP833,node,,,,icon2.png,#2dd3a6,15
N557,GUMUL384,node,,,,,#0da6ff,11
N558,UVYSZ366,node,,,,icon4.png,#6eae1d,18
N559,VESOZ110,node,,,,icon2.png,#f57942,9
N560,XRNNV256,node,,,,,#94b9a2,13
N561,RLJLZ291,node,,,,,#b64f3f,12
N562,CJPKU796,node,,,,icon1.png,#a51e94,19
N563,NHJQM920,node,,,,icon5.png,#92051e,10
N564,SYJJK626,node,,,,icon7.png,#2ce76f,14
N565,ESSNY534,node,,,,icon8.png,#9bda8f,18
N566,FZXVL701,node,,,,,#024439,11
N567,WHYSL174,node,,,,icon7.png,#c0cd82,5
N568,PFIOY335,node,,,,icon5.png,#61b632,6
N569,ARTSN283,node,,,,icon1.png,#51d79b,7
N570,JJYTT999,node,,,,icon1.png,#edd4be,14
N571,CWPYB383,node,,,,icon3.png,#f3ab47,11
N572,VISQL490,node,,,,,#bb11d9,11
N573,DOMIR398,node,,,,icon10.png,#2b9e3e,18
N574,XTFHW246,node,,,,icon8.png,#4cbd28,5
N575,IRHCZ832,node,,,,icon9.png,#a8d3b6,7
N576,HLEWD862,node,,,,icon1.png,#09626e,7
N577,IMKYL324,node,,,,,#3f456e,7
N578,IXRZL701,node,,,,icon8.png,#6c95d7,7
N579,EPPCI394,node,,,,,#ced050,5
N580,HQGCN202,node,,,,,#f6452d,17
N581,XEEJJ277,node,,,,icon10.png,#f97cf2,15
N582,BWUOP788,node,,,,icon7.png,#00b506,12
N583,RXVQT797,node,,,,,#3dee4a,5
N584,TCZAK810,node,,,,icon3.png,#6ba7eb,18
N585,BRVNA401,node,,,,icon1.png,#31085c,6
N586,MAYSA354,node,,,,,#b68d1d,11
N587,SBZEP272,node,,,,icon6.png,#df6158,17
N588,GQSHO255,node,,,,,#04eec3,12
N589,IZOKR906,node,,,,icon3.png,#e65dbc,18
N590,EPORD295,node,,,,,#edddba,15
N591,CZBEZ318,node,,,,icon5.png,#0c22fc,7
N592,MAYDJ545,node,,,,,#547558,19
N593,MSZCK389,node,,,,icon10.png,#e023a2,14
N594,CJCUG718,node,,,,icon6.png,#a822e5,7
N595,VPINM428,node,,,,,#9b7cb1,18
N596,ODUKK850,node,,,,icon2.png,#bcf671,12
N597,SZAJV982,node,,,,,#915d7e,19
N598,YEYBI157,node,,,,icon2.png,#c9493f,16
N599,OUJRF371,node,,,,,#8515c5,10
N600,NFBIQ812,node,,,,icon8.png,#97105f,18
N601,PZNVG617,node,,,,icon5.png,#858ce4,12
N602,SYBKK779,node,,,,,#d462b6,11
N603,KHEYI281,node,,,,,#216533,13
N604,HPYAT460,node,,,,icon8.png,#7b8aa8,12
N605,ZMTXQ970,node,,,,,#e1045f,5
N606,QNIGL569,node,,,,icon5.png,#6cdb73,12
N607,ZOAMV314,node,,,,,#09281b,14
N608,XRRYC925,node,,,,,#51c1d6,14
N609,QFNKD636,node,,,,icon3.png,#9e239f,6
N610,CKIQG304,node,,,,icon1.png,#77778b,8
N611,XQAXB229,node,,,,icon7.png,#d3e97e,16
N612,SHHVC357,node,,,,,#8eb0f7,6
N613,FUQRG878,node,,,,,#04f2f3,18
N614,XJFMO174,node,,,,,#a62b36,5
N615,WWVGT873,node,,,,icon5.png,#7378ea,7
N616,CYGVL882,node,,,,icon2.png,#c6cdc2,15
N617,GRHJV343,node,,,,,#ac1bc8,7
N618,PQEOI516,node,,,,icon8.png,#393779,19
N619,OXZEH531,node,,,,icon4.png,#18677e,5
N620,QHBRD606,node,,,,,#dbbd02,13
N621,BMAGM623,node,,,,icon4.png,#6a6729,18
N622,PRZHQ110,node,,,,icon9.png,#a01589,13
N623,BILNJ746,node,,,,icon3.png,#b94fc4,9
N624,QRXAO337,node,,,,,#5978e4,15
N625,VDDBZ893,node,,,,icon8.png,#c51dae,8
N626,NNIDN764,node,,,,icon2.png,#fc35a6,15
N627,CRJYL950,node,,,,icon3.png,#8ae723,19
N628,SCDZS661,node,,,,,#3f810d,6
N629,AGTQD413,node,,,,icon7.png,#49bac4,12
N630,SDOGR128,node,,,,icon3.png,#310cfd,5
N631,ENVYA612,node,,,,,#70420c,12
N632,TFYST706,node,,,,icon2.png,#d5da0f,8
N633,ECBKE764,node,,,,,#4e060e,11
N634,ECVUW379,node,,,,icon2.png,#0e5a68,10
N635,IIZCN709,node,,,,icon9.png,#f754b3,14
N636,YCCTD408,node,,,,icon10.png,#c8750d,16
N637,QSRPY661,node,,,,,#7ede0b,20
N638,WYKYQ265,node,,,,icon3.png,#39882c,19
N639,PGMFO415,node,,,,,#aca2b1,13
N640,KQHNF953,node,,,,,#9a6f79,20
N641,JFMAW903,node,,,,,#0a1977,12
N642,UQWDQ866,node,,,,,#3e18fb,6
N643,QKIZT953,node,,,,icon1.png,#eb3378,10
N644,AFRYW400,node,,,,icon1.png,#2c1bc6,17
N645,LZTVF954,node,,,,,#1df1c8,10
N646,GGNFQ877,node,,,,icon3.png,#6faa94,14
N647,FNMMI917,node,,,,,#ddb862,16
N648,QQYCJ570,node,,,,icon6.png,#da9814,9
N649,VTZRO692,node,,,,icon3.png,#606257,9
N650,CWMHO115,node,,,,icon4.png,#e1604c,11
N651,UUTMP355,node,,,,icon10.png,#6e766e,20
N652,PEAHB222,node,,,,icon10.png,#0c2005,13
N653,DXLWS718,node,,,,,#3a01ab,12
N654,ZNRYX745,node,,,,icon5.png,#901437,5
N655,QVBDW365,node,,,,,#cdb365,6
N656,YOPZW971,node,,,,,#f05e6e,17
N657,EZGZR747,node,,,,icon5.png,#f70a5b,12
N658,JTVEV795,node,,,,icon5.png,#be26c8,5
N659,MEJAZ515,node,,,,icon5.png,#f67d44,12
N660,KUOSN538,node,,,,icon3.png,#43849e,14
N661,IRRDR508,node,,,,icon7.png,#c87acc,18
N662,GYZHA712,node,,,,icon10.png,#5980ab,16
N663,ACXVH565,node,,,,,#6d05af,11
N664,PYBLT368,node,,,,icon7.png,#03f222,7
N665,JDXUR763,node,,,,icon1.png,#3c82e5,9
N666,PTTDV326,node,,,,icon8.png,#bf3cbf,20
N667,LHZHS472,node,,,,icon5.png,#c8e6e7,9
N668,ZQLKO761,node,,,,icon6.png,#6338c2,19
N669,SDNPA606,node,,,,icon5.png,#72df88,12
N670,GMKNH227,node,,,,icon2.png,#471a63,16
N671,IFUZS284,node,,,,icon8.png,#3e0551,13
N672,VPWDD403,node,,,,icon3.png,#0514a3,13
N673,YLEQS837,node,,,,icon6.png,#072956,11
N674,BGUJK313,node,,,,icon9.png,#ddfcab,12
N675,MHDNV269,node,,,,,#74f6d5,14
N676,PTQFF667,node,,,,,#913794,15
N677,PQXZN594,node,,,,,#cf980b,12
N678,XCMOY361,node,,,,icon9.png,#a5464a,11
N679,VEMAT854,node,,,,,#d979a8,19
N680,QIITC279,node,,,,icon6.png,#69ebaa,12
N681,PQHDX860,node,,,,icon9.png,#cf4be9,7
N682,EXLGQ802,node,,,,icon7.png,#f55d14,17
N683,TTWZT887,node,,,,,#1219c1,10
N684,FIFTL441,node,,,,icon2.png,#7ac6f4,9
N685,QNMUF669,node,,,,icon9.png,#aecfed,7
N686,AWLPI528,node,,,,icon10.png,#a5d5b0,17
N687,QDIYS175,node,,,,icon10.png,#7526d6,16
N688,LZJUO742,node,,,,,#73a681,15
N689,NCAED587,node,,,,icon7.png,#2cc7ab,11
N690,PMDPZ358,node,,,,icon4.png,#df2361,9
N691,MGHRH503,node,,,,icon9.png,#854c3a,11
N692,FHXUT711,node,,,,icon5.png,#c10580,6
N693,URJND350,node,,,,icon4.png,#8e1129,20
N694,MXRRS600,node,,,,,#c28f27,16
N695,DGTXT626,node,,,,,#217f69,18
N696,WVDJP420,node,,,,icon4.png,#b4b497,11
N697,CEOMI908,node,,,,,#f73cf8,5
N698,RDRZQ663,node,,,,,#ee90a1,20
N699,DFNLG222,node,,,,icon7.png,#20e844,7
N700,AEYMR372,node,,,,icon8.png,#b25242,18
N701,LDNOC263,node,,,,icon3.png,#fd3900,13
N702,JWKNC474,node,,,,,#0fed4d,7
N703,IHYHG280,node,,,,,#62ef4a,15
N704,IJHBI518,node,,,,,#caf6a4,8
N705,BXQQQ758,node,,,,,#cccc3b,10
N706,TWOVI607,node,,,,icon3.png,#d07c9f,8
N707,VNEXL726,node,,,,icon4.png,#4bca70,6
N708,RQRAN217,node,,,,,#6ebd5b,18
N709,DSFAY359,node,,,,icon6.png,#89f795,13
N710,WIACW895,node,,,,,#b23950,6
N711,AREIT419,node,,,,icon7.png,#d1bc72,18
N712,YACVM459,node,,,,,#f778e0,20
N713,LOUTP730,node,,,,icon2.png,#28b851,14
N714,YGBZJ721,node,,,,icon9.png,#4fc8ff,9
N715,UKDGU393,node,,,,,#573603,17
N716,YZBWE335,node,,,,,#905d99,9
N717,WVJBZ833,node,,,,icon7.png,#1ec3de,13
N718,BYLDX668,node,,,,icon7.png,#4c156a,16
N719,ZERZY382,node,,,,,#cc318d,14
N720,DEEFQ231,node,,,,icon1.png,#54bf5d,6
N721,XJRXW637,node,,,,,#520487,8
N722,DZBNJ927,node,,,,icon2.png,#13abc1,14
N723,KCFIF648,node,,,,,#e9b7d4,18
N724,AOSNS977,node,,,,,#db9b0d,6
N725,HHKFO523,node,,,,icon10.png,#f1c625,19
N726,HOEHF500,node,,,,icon4.png,#94adfc,7
N727,JVQPL106,node,,,,,#5b8253,18
N728,NBJSJ427,node,,,,,#023181,11
N729,AXDRG205,node,,,,icon6.png,#464199,19
N730,NGIPP881,node,,,,icon3.png,#cf983b,18
N731,YXQZW457,node,,,,icon3.png,#97d2a2,17
N732,KZZQT528,node,,,,,#42c220,20
N733,FEAPQ950,node,,,,,#3f5aee,17
N734,HQFBP922,node,,,,,#619251,11
N735,JRRTR358,node,,,,,#3ab0f4,17
N736,GPYSH608,node,,,,icon1.png,#1a0105,15
N737,SUVXE138,node,,,,icon6.png,#29ef27,5
N738,HSIIC703,node,,,,icon8.png,#9aac60,18
N739,DQKKQ517,node,,,,icon3.png,#2b4edf,11
N740,YUSWN119,node,,,,icon5.png,#7f2b91,19
N741,PFPEZ801,node,,,,icon4.png,#3e5df5,20
N742,BHMJZ401,node,,,,,#6b2855,17
N743,BSFMX393,node,,,,icon4.png,#6e4658,5
N744,JMJIM700,node,,,,,#9d6e0c,12
N745,KWJMN750,node,,,,,#c41347,8
N746,RVBRR615,node,,,,icon8.png,#bc555b,19
N747,SYJRK977,node,,,,icon7.png,#02afdf,17
N748,LYEZS480,node,,,,,#01d3d8,10
N749,SORLJ932,node,,,,,#67a0ee,17
N750,INFJD551,node,,,,icon9.png,#f731c0,16
N751,TWXLP274,node,,,,,#412f22,13
N752,IEXWZ594,node,,,,icon9.png,#71a424,20
N753,MNGLG697,node,,,,,#d226d1,10
N754,HUZBC459,node,,,,,#d7aef7,6
N755,MYYYY436,node,,,,icon3.png,#15c200,15
N756,NLNZX753,node,,,,,#9f4a87,18
N757,GHQSN571,node,,,,,#bc2f87,8
N758,IGPEX298,node,,,,,#588bb6,11
N759,MQNOK629,node,,,,icon1.png,#35542a,5
N760,CMKNN630,node,,,,,#032d4e,6
N761,FMQGO963,node,,,,icon4.png,#8d4500,14
N762,ZTOWV136,node,,,,,#571928,5
N763,VMUMX451,node,,,,,#98b8b2,6
N764,BXJIX197,node,,,,icon9.png,#7586c3,12
N765,KJBZR273,node,,,,,#359d53,18
N766,LQBEY598,node,,,,,#fc4d9b,16
N767,OOZZI892,node,,,,icon10.png,#d9773f,10
N768,OQUTQ448,node,,,,icon9.png,#0b0cea,15
N769,ZPBQY447,node,,,,,#912f27,15
N770,XKXNZ426,node,,,,,#913c12,8
N771,VQADG483,node,,,,icon8.png,#041896,11
N772,IYTKK230,node,,,,,#c187f3,9
N773,TBORC515,node,,,,icon6.png,#2dbe11,11
N774,JKJXV305,node,,,,icon1.png,#6aace1,5
N775,OGMAD450,node,,,,icon2.png,#f9bf7f,11
N776,WGEPG797,node,,,,,#cc952f,8
N777,YBLZV999,node,,,,,#b69cdb,17
N778,OLOXY308,node,,,,,#6c4a51,5
N779,LFORJ740,node,,,,,#a500b0,10
N780,JEMHG777,node,,,,,#3e2c85,6
N781,YNMXW488,node,,,,,#d2f2f4,13
N782,JXHZW740,node,,,,icon8.png,#657c7d,6
N783,YLMEQ640,node,,,,icon8.png,#78ffd0,9
N784,UTNNH132,node,,,,icon1.png,#209f97,12
N785,UMSNP673,node,,,,icon6.png,#a400a3,18
N786,FPFJL481,node,,,,icon3.png,#3b06fc,14
N787,FWBSK538,node,,,,icon9.png,#c54c0b,7
N788,EQTIG370,node,,,,,#434810,9
N789,FMWEG659,node,,,,,#3d0a18,8
N790,UKDVG182,node,,,,icon9.png,#f35274,10
N791,CLLIN912,node,,,,,#ecddf1,14
N792,DKEUP836,node,,,,icon6.png,#fd9141,17
N793,HYBSL243,node,,,,,#e784f7,17
N794,EFEZF625,node,,,,,#c81703,18
N795,XODTE973,node,,,,icon4.png,#a07f8b,14
N796,RUXTI247,node,,,,,#789ec4,8
N797,XFEDJ514,node,,,,icon8.png,#1b6147,20
N798,SOPYQ640,node,,,,icon4.png,#cbf446,11
N799,YBRII938,node,,,,icon5.png,#73c0cc,16
N800,YCBHA271,node,,,,icon8.png,#9686ad,18
N801,KEGSP525,node,,,,icon7.png,#fe3371,14
N802,OPGDC876,node,,,,,#0f47cc,20
N803,DODRS309,node,,,,icon1.png,#f1d511,13
N804,UNSXF512,node,,,,icon5.png,#ce39a4,5
N805,OCWLW172,node,,,,icon4.png,#6cf674,10
N806,ITKFR362,node,,,,,#d6ef9d,5
N807,CQVJE106,node,,,,icon8.png,#903a5c,5
N808,LVGAC764,node,,,,icon1.png,#bc1c97,17
N809,PPQEL182,node,,,,icon8.png,#8168bf,12
N810,OMDHZ132,node,,,,icon6.png,#fb009d,7
N811,MVZWL160,node,,,,icon8.png,#3dd4da,9
N812,OTZED652,node,,,,icon8.png,#2761e0,7
N813,KUHSI983,node,,,,icon10.png,#660522,18
N814,MBNNQ363,node,,,,icon4.png,#151a78,17
N815,FUWKN781,node,,,,,#7df0a2,18
N816,FQAHP312,node,,,,icon5.png,#d3dde6,14
N817,IUAWF247,node,,,,icon4.png,#cf2fb2,6
N818,RTXWV739,node,,,,,#edd74a,9
N819,WADZC552,node,,,,icon6.png,#b0a8b1,9
N820,ZLLUI172,node,,,,,#46b3f6,5
N821,YEKQL215,node,,,,,#8561fd,14
N822,VNURC783,node,,,,icon4.png,#d0025d,9
N823,NJJJB443,node,,,,icon6.png,#0b5a5b,9
N824,TBAXI920,node,,,,icon6.png,#8150f9,18
N825,XRPUG995,node,,,,icon1.png,#ec9511,17
N826,SRZLW716,node,,,,,#b37b07,17
N827,ZMLLJ548,node,,,,icon6.png,#1c4e81,10
N828,RGTCP310,node,,,,icon4.png,#ed4747,13
N829,UORUN138,node,,,,icon5.png,#a354e1,12
N830,ZASKD543,node,,,,,#708dec,13
N831,ODVAR882,node,,,,icon1.png,#6855b7,12
N832,QGVQN191,node,,,,icon6.png,#5a340f,15
N833,ZZLBA558,node,,,,icon7.png,#1b724f,7
N834,OOJSW777,node,,,,icon8.png,#5c299a,5
N835,HVGZT572,node,,,,,#a926a4,9
N836,MLJQT580,node,,,,,#5f06f1,13
N837,TCLTT130,node,,,,,#ec945a,15
N838,LEJDZ233,node,,,,icon8.png,#055aad,14
N839,EIEBW754,node,,,,,#53f656,18
N840,BVAYA907,node,,,,icon1.png,#7cc9fc,14
N841,OWJCB552,node,,,,icon7.png,#34bdba,11
N842,RCOCT785,node,,,,,#ea5ac1,13
N843,IPMBY271,node,,,,,#5c26f8,14
N844,HGUFG310,node,,,,,#6521cf,18
N845,NDMSN555,node,,,,icon3.png,#eb242b,14
N846,SUZWA342,node,,,,icon7.png,#5eaf3f,5
N847,YZGUQ602,node,,,,,#66296d,10
N848,GIJQH243,node,,,,icon9.png,#bd5062,20
N849,LADVS777,node,,,,icon8.png,#76f745,8
N850,YOKCI483,node,,,,icon8.png,#7e3adb,12
N851,JPOEI431,node,,,,icon7.png,#40a6ef,16
N852,JYZTA167,node,,,,,#f2a484,6
N853,KYIBW414,node,,,,,#1a1ce5,17
N854,TTTQI826,node,,,,icon3.png,#a5f2b6,16
N855,PTYED525,node,,,,icon2.png,#29e65d,16
N856,XESRL925,node,,,,,#14c04b,14
N857,YMRKC339,node,,,,,#0224fa,19
N858,SPVKL424,node,,,,icon5.png,#613427,10
N859,XQDJB871,node,,,,icon4.png,#e49c9a,20
N860,YIKXT899,node,,,,icon3.png,#6d618e,9
N861,GSKXQ362,node,,,,icon1.png,#1b7f12,13
N862,MYXLN282,node,,,,,#8fc3c2,7
N863,JVBGV894,node,,,,,#9142f7,20
N864,SLYYF684,node,,,,,#e660bb,7
N865,CIFQJ186,node,,,,icon2.png,#773c79,20
N866,JRCZU831,node,,,,icon5.png,#0f8bfb,14
N867,RPOJF140,node,,,,icon2.png,#ae3d80,12
N868,WAHUB608,node,,,,icon7.png,#368de7,19
N869,BRQKO223,node,,,,,#546a2c,15
N870,LKBPD165,node,,,,,#bd51dc,7
N871,QDGNA947,node,,,,icon9.png,#869551,10
N872,KRTAU333,node,,,,icon10.png,#ee6f4c,15
N873,DIHBO330,node,,,,,#fcc2d5,8
N874,DCPET224,node,,,,icon7.png,#525146,9
N875,HLFCA758,node,,,,,#2d393c,17
N876,AIMAG995,node,,,,icon5.png,#ad42a3,17
N877,MINCS671,node,,,,,#943b15,17
N878,HAKDZ188,node,,,,,#efe474,9
N879,RWWDS420,node,,,,,#095555,5
N880,NUTBE493,node,,,,icon6.png,#675e93,11
N881,QEDDF343,node,,,,,#b6b04e,18
N882,KRZQW150,node,,,,icon4.png,#a176fd,13
N883,EIRPX382,node,,,,,#8c50cf,5
N884,SLETZ954,node,,,,,#2502a7,16
N885,UFSDP263,node,,,,icon7.png,#10d867,19
N886,MFICH171,node,,,,,#f06814,13
N887,YYSFX390,node,,,,icon9.png,#0d904f,16
N888,VHTUN983,node,,,,,#7d117e,18
N889,XWYXC827,node,,,,icon9.png,#61ae95,8
N890,KOUZC816,node,,,,,#7415ef,18
N891,CJSZC318,node,,,,,#7e53e8,14
N892,JVJEA509,node,,,,icon5.png,#8aab80,19
N893,QMRAL800,node,,,,icon2.png,#d6c9cc,8
N894,XHOPB653,node,,,,icon6.png,#0002df,11
N895,MEMLT196,node,,,,icon4.png,#c007cb,14
N896,VQJIJ870,node,,,,icon8.png,#f5b76e,10
N897,ZFXEL587,node,,,,,#024706,15
N898,BQHHD961,node,,,,icon5.png,#cbd852,7
N899,SFOIR436,node,,,,,#58948d,13
N900,RWXRJ212,node,,,,,#3e79a4,11
N901,DIMWG271,node,,,,icon8.png,#06de21,19
N902,IZOEI668,node,,,,icon7.png,#9238ce,9
N903,QLPJV707,node,,,,icon4.png,#6e5e3c,11
N904,NIUBN753,node,,,,,#487ad9,19
N905,MWAEL456,node,,,,,#b89fa8,19
N906,NYTUA934,node,,,,icon4.png,#afe421,20
N907,COPZW313,node,,,,icon7.png,#d6161c,15
N908,ZRXLU861,node,,,,icon10.png,#595b94,12
N909,JEPVX812,node,,,,,#506569,12
N910,QHHFG516,node,,,,,#35195a,7
N911,SQYPX774,node,,,,,#e962c3,19
N912,ATDXB328,node,,,,,#0da704,9
N913,FJHYL215,node,,,,icon4.png,#1c3520,18
N914,BTIOY440,node,,,,,#640e54,20
N915,KIBOK413,node,,,,icon3.png,#1a709a,11
N916,VHVRL348,node,,,,icon3.png,#5988d3,19
N917,ZPTDJ656,node,,,,icon3.png,#8b530d,15
N918,MHWWF562,node,,,,icon9.png,#daf964,18
N919,TJHBI233,node,,,,,#e40b28,8
N920,LUKED889,node,,,,icon2.png,#c17289,13
N921,HLEMK780,node,,,,icon9.png,#fe2446,19
N922,EDHNS835,node,,,,,#25d236,17
N923,SPJSD204,node,,,,,#2cb3aa,7
N924,VIWDJ120,node,,,,icon9.png,#6a7428,17
N925,GMFBF962,node,,,,icon1.png,#444e3b,13
N926,YOHGK110,node,,,,icon3.png,#0a808b,20
N927,TSCFX743,node,,,,,#1c803c,6
N928,EDRZZ349,node,,,,icon4.png,#5fdeeb,20
N929,IKPDT227,node,,,,icon10.png,#0d4cb9,6
N930,LJHYP584,node,,,,icon6.png,#36f037,19
N931,QLCUN344,node,,,,icon6.png,#bc1e29,10
N932,YFXNG852,node,,,,,#69ef64,7
N933,ULVTA619,node,,,,icon7.png,#2d63cc,17
N934,CTBYC781,node,,,,icon1.png,#f8a896,9
N935,UZLZF348,node,,,,,#5739ef,9
N936,NZTPU948,node,,,,,#589f51,15
N937,LNIDH845,node,,,,icon6.png,#0d886f,8
N938,HHMOX905,node,,,,,#45e074,17
N939,ZKDOB556,node,,,,icon3.png,#fdcf3d,13
N940,LOCGU945,node,,,,icon6.png,#cd3430,9
N941,MXQSQ687,node,,,,,#775536,6
N942,UJGYI795,node,,,,,#363e31,8
N943,KAHJA316,node,,,,,#57eb59,11
N944,WPOHZ356,node,,,,icon10.png,#c1334b,17
N945,CPTYK367,node,,,,icon1.png,#639547,5
N946,VILRW973,node,,,,icon1.png,#9701c6,19
N947,TWAON448,node,,,,icon2.png,#e9340e,16
N948,WJCTU706,node,,,,icon5.png,#c916df,15
N949,BGLFQ291,node,,,,icon2.png,#cbc6db,5
N950,IEOGS661,node,,,,icon5.png,#15b10d,13
N951,QQBUB757,node,,,,icon3.png,#79090d,17
N952,CNHKQ214,node,,,,icon4.png,#20ba9d,6
N953,MGVRE227,node,,,,icon8.png,#671164,13
N954,ZJDJX635,node,,,,icon4.png,#d099f7,18
N955,YLWDI594,node,,,,,#99b002,8
N956,TDSVL191,node,,,,,#e576c3,20
N957,PRSGU785,node,,,,,#743c06,19
N958,YYDEJ179,node,,,,,#b4d1dc,14
N959,XPZDL279,node,,,,,#a7c1b9,10
N960,FTHYP478,node,,,,icon6.png,#45cafd,14
N961,KNYDI481,node,,,,icon5.png,#72afe4,7
N962,MLGML417,node,,,,icon3.png,#3f946d,5
N963,DGWVO698,node,,,,icon6.png,#7d2da0,6
N964,NXIFK234,node,,,,,#f92c28,12
N965,LNJSZ588,node,,,,,#dd3d36,10
N966,GWLGY203,node,,,,,#c005a7,17
N967,UNDRM956,node,,,,icon1.png,#fc459b,5
N968,ACPSD101,node,,,,icon6.png,#e14100,6
N969,KZEIG719,node,,,,icon1.png,#95ace3,17
N970,SQVBW994,node,,,,icon2.png,#41a449,12
N971,GOJOV839,node,,,,,#e06c57,12
N972,UHELJ940,node,,,,icon8.png,#ed1be6,5
N973,FPESS704,node,,,,,#2eb927,17
N974,OCJMS751,node,,,,,#60a1fb,13
N975,ZTEMN986,node,,,,icon6.png,#d11462,5
N976,YCFCL763,node,,,,icon1.png,#c44087,20
N977,JFQCA177,node,,,,icon1.png,#4ec161,6
N978,SCIPW811,node,,,,icon5.png,#59e219,5
N979,VTDVN814,node,,,,,#94aa6d,7
N980,LCHOY653,node,,,,icon7.png,#0c5a1b,20
N981,CQVCS766,node,,,,,#94f8ff,15
N982,IUHRB920,node,,,,,#d12cb4,11
N983,FSBJU114,node,,,,,#c81d7a,8
N984,PWSWY992,node,,,,,#c4bb54,9
N985,MOVEO636,node,,,,icon4.png,#68a217,15
N986,URIMA500,node,,,,icon2.png,#a5fc5d,19
N987,YOMVU928,node,,,,icon1.png,#214c03,13
N988,UMQRP411,node,,,,icon6.png,#9b3c8e,6
N989,FRUQO704,node,,,,icon8.png,#4eb369,7
N990,ZYHZD312,node,,,,,#69b1ff,20
N991,BQJEI281,node,,,,,#49b707,16
N992,KGQKH236,node,,,,,#10ba86,13
N993,CNQAD413,node,,,,icon4.png,#2ba1b7,13
N994,WIYDR226,node,,,,,#c68377,11
N995,EXXKG339,node,,,,icon2.png,#80d3cb,18
N996,CWMIZ199,node,,,,icon5.png,#15e5d8,7
N997,SMVBI695,node,,,,icon7.png,#305575,13
N998,LJUZK623,node,,,,,#8fefba,5
N999,IZGBJ953,node,,,,icon10.png,#7e1ece,14
,N665 → N288,edge,N665,N288,3,,,
,N503 → N411,edge,N503,N411,4,,,
,N338 → N390,edge,N338,N390,3,,,
,N823 → N597,edge,N823,N597,8,,,
,N670 → N690,edge,N670,N690,1,,,
,N128 → N515,edge,N128,N515,6,,,
,N854 → N229,edge,N854,N229,3,,,
,N641 → N810,edge,N641,N810,8,,,
,N863 → N516,edge,N863,N516,9,,,
,N303 → N105,edge,N303,N105,2,,,
,N127 → N352,edge,N127,N352,4,,,
,N520 → N943,edge,N520,N943,7,,,
,N280 → N494,edge,N280,N494,10,,,
,N205 → N198,edge,N205,N198,1,,,
,N579 → N702,edge,N579,N702,5,,,
,N746 → N421,edge,N746,N421,3,,,
,N29 → N341,edge,N29,N341,3,,,
,N914 → N227,edge,N914,N227,5,,,
,N300 → N21,edge,N300,N21,10,,,
,N263 → N810,edge,N263,N810,6,,,
,N151 → N300,edge,N151,N300,8,,,
,N793 → N952,edge,N793,N952,1,,,
,N108 → N968,edge,N108,N968,2,,,
,N642 → N889,edge,N642,N889,9,,,
,N635 → N695,edge,N635,N695,2,,,
,N16 → N555,edge,N16,N555,1,,,
,N536 → N206,edge,N536,N206,1,,,
,N566 → N827,edge,N566,N827,5,,,
,N342 → N363,edge,N342,N363,4,,,
,N627 → N652,edge,N627,N652,8,,,
,N868 → N237,edge,N868,N237,5,,,
,N416 → N552,edge,N416,N552,7,,,
,N645 → N350,edge,N645,N350,10,,,
,N870 → N782,edge,N870,N782,1,,,
,N126 → N680,edge,N126,N680,7,,,
,N955 → N628,edge,N955,N628,5,,,
,N321 → N550,edge,N321,N550,3,,,
,N473 → N63,edge,N473,N63,7,,,
,N125 → N698,edge,N125,N698,9,,,
,N208 → N178,edge,N208,N178,4,,,
,N592 → N861,edge,N592,N861,2,,,
,N906 → N152,edge,N906,N152,6,,,
,N686 → N784,edge,N686,N784,7,,,
,N775 → N315,edge,N775,N315,6,,,
,N380 → N656,edge,N380,N656,2,,,
,N706 → N372,edge,N706,N372,3,,,
,N986 → N579,edge,N986,N579,6,,,
,N273 → N758,edge,N273,N758,9,,,
,N730 → N856,edge,N730,N856,1,,,
,N651 → N157,edge,N651,N157,1,,,
,N744 → N535,edge,N744,N535,5,,,
,N494 → N786,edge,N494,N786,4,,,
,N930 → N428,edge,N930,N428,3,,,
,N774 → N191,edge,N774,N191,5,,,
,N610 → N995,edge,N610,N995,6,,,
,N380 → N638,edge,N380,N638,5,,,
,N286 → N166,edge,N286,N166,3,,,
,N265 → N7,edge,N265,N7,7,,,
,N283 → N409,edge,N283,N409,2,,,
,N743 → N636,edge,N743,N636,5,,,
,N360 → N216,edge,N360,N216,3,,,
,N895 → N278,edge,N895,N278,5,,,
,N815 → N605,edge,N815,N605,4,,,
,N269 → N672,edge,N269,N672,9,,,
,N715 → N164,edge,N715,N164,8,,,
,N551 → N524,edge,N551,N524,3,,,
,N34 → N26,edge,N34,N26,9,,,
,N335 → N635,edge,N335,N635,3,,,
,N419 → N457,edge,N419,N457,2,,,
,N805 → N839,edge,N805,N839,7,,,
,N182 → N891,edge,N182,N891,10,,,
,N126 → N865,edge,N126,N865,9,,,
,N992 → N216,edge,N992,N216,9,,,
,N567 → N272,edge,N567,N272,2,,,
,N953 → N414,edge,N953,N414,1,,,
,N163 → N359,edge,N163,N359,4,,,
,N729 → N222,edge,N729,N222,9,,,
,N672 → N432,edge,N672,N432,7,,,
,N609 → N594,edge,N609,N594,4,,,
,N751 → N732,edge,N751,N732,1,,,
,N346 → N595,edge,N346,N595,7,,,
,N865 → N573,edge,N865,N573,3,,,
,N864 → N817,edge,N864,N817,3,,,
,N365 → N948,edge,N365,N948,1,,,
,N554 → N306,edge,N554,N306,5,,,
,N512 → N236,edge,N512,N236,7,,,
,N730 → N706,edge,N730,N706,8,,,
,N145 → N345,edge,N145,N345,10,,,
,N897 → N517,edge,N897,N517,1,,,
,N549 → N844,edge,N549,N844,10,,,
,N707 → N389,edge,N707,N389,8,,,
,N80 → N305,edge,N80,N305,9,,,
,N594 → N417,edge,N594,N417,3,,,
,N747 → N582,edge,N747,N582,3,,,
,N461 → N751,edge,N461,N751,1,,,
,N990 → N763,edge,N990,N763,5,,,
,N401 → N7,edge,N401,N7,10,,,
,N800 → N865,edge,N800,N865,5,,,
,N637 → N381,edge,N637,N381,1,,,
,N94 → N293,edge,N94,N293,1,,,
,N771 → N12,edge,N771,N12,7,,,
,N615 → N145,edge,N615,N145,1,,,
,N548 → N970,edge,N548,N970,9,,,
,N337 → N995,edge,N337,N995,8,,,
,N783 → N81,edge,N783,N81,9,,,
,N724 → N389,edge,N724,N389,3,,,
,N359 → N78,edge,N359,N78,9,,,
,N419 → N772,edge,N419,N772,9,,,
,N175 → N512,edge,N175,N512,1,,,
,N971 → N838,edge,N971,N838,3,,,
,N584 → N148,edge,N584,N148,10,,,
,N389 → N961,edge,N389,N961,8,,,
,N714 → N936,edge,N714,N936,6,,,
,N377 → N986,edge,N377,N986,5,,,
,N615 → N24,edge,N615,N24,3,,,
,N943 → N712,edge,N943,N712,4,,,
,N819 → N711,edge,N819,N711,9,,,
,N475 → N886,edge,N475,N886,5,,,
,N321 → N424,edge,N321,N424,7,,,
,N15 → N814,edge,N15,N814,10,,,
,N716 → N924,edge,N716,N924,7,,,
,N998 → N882,edge,N998,N882,1,,,
,N66 → N651,edge,N66,N651,1,,,
,N130 → N596,edge,N130,N596,10,,,
,N943 → N568,edge,N943,N568,4,,,
,N469 → N60,edge,N469,N60,4,,,
,N723 → N51,edge,N723,N51,6,,,
,N273 → N789,edge,N273,N789,10,,,
,N720 → N414,edge,N720,N414,5,,,
,N859 → N59,edge,N859,N59,6,,,
,N686 → N128,edge,N686,N128,10,,,
,N295 → N839,edge,N295,N839,1,,,
,N511 → N685,edge,N511,N685,4,,,
,N708 → N875,edge,N708,N875,9,,,
,N346 → N449,edge,N346,N449,7,,,
,N874 → N734,edge,N874,N734,7,,,
,N932 → N127,edge,N932,N127,2,,,
,N525 → N63,edge,N525,N63,3,,,
,N32 → N478,edge,N32,N478,3,,,
,N515 → N275,edge,N515,N275,3,,,
,N631 → N325,edge,N631,N325,10,,,
,N643 → N674,edge,N643,N674,2,,,
,N499 → N377,edge,N499,N377,3,,,
,N300 → N215,edge,N300,N215,4,,,
,N883 → N675,edge,N883,N675,1,,,
,N856 → N463,edge,N856,N463,6,,,
,N795 → N445,edge,N795,N445,6,,,
,N633 → N756,edge,N633,N756,9,,,
,N721 → N351,edge,N721,N351,3,,,
,N545 → N863,edge,N545,N863,7,,,
,N272 → N859,edge,N272,N859,5,,,
,N677 → N914,edge,N677,N914,3,,,
,N658 → N127,edge,N658,N127,8,,,
,N20 → N39,edge,N20,N39,3,,,
,N893 → N18,edge,N893,N18,8,,,
,N824 → N728,edge,N824,N728,8,,,
,N499 → N646,edge,N499,N646,4,,,
,N985 → N483,edge,N985,N483,2,,,
,N964 → N523,edge,N964,N523,7,,,
,N469 → N363,edge,N469,N363,10,,,
,N103 → N328,edge,N103,N328,5,,,
,N977 → N724,edge,N977,N724,8,,,
,N635 → N123,edge,N635,N123,5,,,
,N216 → N509,edge,N216,N509,10,,,
,N649 → N17,edge,N649,N17,2,,,
,N940 → N159,edge,N940,N159,4,,,
,N158 → N253,edge,N158,N253,4,,,
,N819 → N956,edge,N819,N956,5,,,
,N835 → N550,edge,N835,N550,6,,,
,N402 → N354,edge,N402,N354,1,,,
,N486 → N264,edge,N486,N264,8,,,
,N154 → N965,edge,N154,N965,3,,,
,N175 → N278,edge,N175,N278,5,,,
,N697 → N501,edge,N697,N501,9,,,
,N462 → N54,edge,N462,N54,7,,,
,N575 → N582,edge,N575,N582,8,,,
,N650 → N382,edge,N650,N382,4,,,
,N474 → N501,edge,N474,N501,5,,,
,N77 → N203,edge,N77,N203,7,,,
,N626 → N944,edge,N626,N944,5,,,
,N837 → N794,edge,N837,N794,5,,,
,N557 → N418,edge,N557,N418,7,,,
,N18 → N837,edge,N18,N837,1,,,
,N382 → N873,edge,N382,N873,5,,,
,N206 → N890,edge,N206,N890,4,,,
,N844 → N33,edge,N844,N33,10,,,
,N123 → N970,edge,N123,N970,8,,,
,N413 → N973,edge,N413,N973,2,,,
,N635 → N256,edge,N635,N256,10,,,
,N949 → N773,edge,N949,N773,8,,,
,N754 → N661,edge,N754,N661,9,,,
,N283 → N475,edge,N283,N475,4,,,
,N325 → N320,edge,N325,N320,4,,,
,N365 → N719,edge,N365,N719,6,,,
,N826 → N344,edge,N826,N344,5,,,
,N678 → N869,edge,N678,N869,6,,,
,N692 → N350,edge,N692,N350,3,,,
,N217 → N298,edge,N217,N298,2,,,
,N849 → N169,edge,N849,N169,3,,,
,N679 → N535,edge,N679,N535,8,,,
,N597 → N869,edge,N597,N869,8,,,
,N468 → N729,edge,N468,N729,1,,,
,N987 → N785,edge,N987,N785,5,,,
,N484 → N620,edge,N484,N620,4,,,
,N795 → N145,edge,N795,N145,8,,,
,N395 → N734,edge,N395,N734,4,,,
,N948 → N92,edge,N948,N92,6,,,
,N673 → N706,edge,N673,N706,1,,,
,N241 → N129,edge,N241,N129,3,,,
,N927 → N387,edge,N927,N387,5,,,
,N371 → N556,edge,N371,N556,2,,,
,N822 → N269,edge,N822,N269,10,,,
,N639 → N424,edge,N639,N424,6,,,
,N92 → N600,edge,N92,N600,3,,,
,N438 → N965,edge,N438,N965,5,,,
,N658 → N2,edge,N658,N2,5,,,
,N895 → N464,edge,N895,N464,7,,,
,N447 → N914,edge,N447,N914,9,,,
,N318 → N536,edge,N318,N536,7,,,
,N422 → N150,edge,N422,N150,8,,,
,N696 → N872,edge,N696,N872,5,,,
,N943 → N850,edge,N943,N850,10,,,
,N72 → N13,edge,N72,N13,10,,,
,N705 → N356,edge,N705,N356,5,,,
,N196 → N382,edge,N196,N382,7,,,
,N545 → N857,edge,N545,N857,6,,,
,N554 → N873,edge,N554,N873,2,,,
,N459 → N959,edge,N459,N959,2,,,
,N96 → N62,edge,N96,N62,1,,,
,N846 → N168,edge,N846,N168,10,,,
,N244 → N862,edge,N244,N862,4,,,
,N661 → N516,edge,N661,N516,10,,,
,N120 → N78,edge,N120,N78,2,,,
,N80 → N956,edge,N80,N956,10,,,
,N924 → N9,edge,N924,N9,2,,,
,N577 → N912,edge,N577,N912,9,,,
,N658 → N469,edge,N658,N469,7,,,
,N834 → N829,edge,N834,N829,4,,,
,N541 → N418,edge,N541,N418,5,,,
,N178 → N320,edge,N178,N320,4,,,
,N344 → N313,edge,N344,N313,10,,,
,N745 → N554,edge,N745,N554,9,,,
,N868 → N197,edge,N868,N197,6,,,
,N73 → N67,edge,N73,N67,5,,,
,N908 → N22,edge,N908,N22,8,,,
,N369 → N941,edge,N369,N941,5,,,
,N190 → N586,edge,N190,N586,10,,,
,N916 → N627,edge,N916,N627,1,,,
,N426 → N606,edge,N426,N606,9,,,
,N465 → N642,edge,N465,N642,6,,,
,N848 → N267,edge,N848,N267,8,,,
,N652 → N753,edge,N652,N753,6,,,
,N257 → N9,edge,N257,N9,10,,,
,N544 → N58,edge,N544,N58,2,,,
,N510 → N928,edge,N510,N928,1,,,
,N750 → N636,edge,N750,N636,7,,,
,N784 → N176,edge,N784,N176,9,,,
,N539 → N240,edge,N539,N240,2,,,
,N700 → N945,edge,N700,N945,6,,,
,N908 → N605,edge,N908,N605,6,,,
,N857 → N651,edge,N857,N651,4,,,
,N128 → N834,edge,N128,N834,3,,,
,N441 → N266,edge,N441,N266,7,,,
,N315 → N659,edge,N315,N659,6,,,
,N59 → N73,edge,N59,N73,9,,,
,N255 → N780,edge,N255,N780,2,,,
,N559 → N323,edge,N559,N323,3,,,
,N676 → N986,edge,N676,N986,8,,,
,N402 → N461,edge,N402,N461,10,,,
,N633 → N310,edge,N633,N310,1,,,
,N240 → N413,edge,N240,N413,4,,,
,N976 → N217,edge,N976,N217,9,,,
,N439 → N563,edge,N439,N563,1,,,
,N189 → N660,edge,N189,N660,7,,,
,N687 → N802,edge,N687,N802,4,,,
,N173 → N228,edge,N173,N228,10,,,
,N897 → N521,edge,N897,N521,10,,,
,N651 → N876,edge,N651,N876,10,,,
,N84 → N453,edge,N84,N453,1,,,
,N394 → N790,edge,N394,N790,9,,,
,N425 → N643,edge,N425,N643,10,,,
,N207 → N210,edge,N207,N210,1,,,
,N756 → N15,edge,N756,N15,1,,,
,N240 → N537,edge,N240,N537,4,,,
,N26 → N695,edge,N26,N695,1,,,
,N543 → N239,edge,N543,N239,6,,,
,N749 → N899,edge,N749,N899,10,,,
,N983 → N781,edge,N983,N781,8,,,
,N361 → N660,edge,N361,N660,10,,,
,N931 → N633,edge,N931,N633,2,,,
,N348 → N37,edge,N348,N37,8,,,
,N649 → N249,edge,N649,N249,9,,,
,N507 → N972,edge,N507,N972,3,,,
,N665 → N497,edge,N665,N497,2,,,
,N760 → N482,edge,N760,N482,9,,,
,N730 → N670,edge,N730,N670,3,,,
,N613 → N392,edge,N613,N392,3,,,
,N848 → N889,edge,N848,N889,6,,,
,N858 → N987,edge,N858,N987,3,,,
,N111 → N412,edge,N111,N412,9,,,
,N845 → N215,edge,N845,N215,3,,,
,N801 → N215,edge,N801,N215,8,,,
,N705 → N215,edge,N705,N215,4,,,
,N628 → N471,edge,N628,N471,8,,,
,N212 → N282,edge,N212,N282,7,,,
,N925 → N788,edge,N925,N788,6,,,
,N308 → N502,edge,N308,N502,2,,,
,N892 → N327,edge,N892,N327,8,,,
,N868 → N498,edge,N868,N498,4,,,
,N986 → N307,edge,N986,N307,3,,,
,N207 → N615,edge,N207,N615,8,,,
,N132 → N224,edge,N132,N224,9,,,
,N757 → N162,edge,N757,N162,4,,,
,N982 → N930,edge,N982,N930,5,,,
,N728 → N264,edge,N728,N264,1,,,
,N566 → N723,edge,N566,N723,9,,,
,N627 → N415,edge,N627,N415,4,,,
,N63 → N732,edge,N63,N732,6,,,
,N817 → N650,edge,N817,N650,3,,,
,N889 → N409,edge,N889,N409,1,,,
,N720 → N309,edge,N720,N309,2,,,
,N978 → N992,edge,N978,N992,9,,,
,N118 → N705,edge,N118,N705,5,,,
,N27 → N222,edge,N27,N222,7,,,
,N232 → N341,edge,N232,N341,8,,,
,N170 → N901,edge,N170,N901,3,,,
,N969 → N727,edge,N969,N727,5,,,
,N998 → N402,edge,N998,N402,9,,,
,N499 → N454,edge,N499,N454,3,,,
,N645 → N943,edge,N645,N943,5,,,
,N505 → N170,edge,N505,N170,8,,,
,N6 → N516,edge,N6,N516,8,,,
,N284 → N975,edge,N284,N975,9,,,
,N592 → N192,edge,N592,N192,2,,,
,N340 → N936,edge,N340,N936,5,,,
,N8 → N253,edge,N8,N253,9,,,
,N319 → N224,edge,N319,N224,5,,,
,N997 → N86,edge,N997,N86,3,,,
,N697 → N752,edge,N697,N752,3,,,
,N824 → N337,edge,N824,N337,10,,,
,N380 → N462,edge,N380,N462,9,,,
,N136 → N860,edge,N136,N860,1,,,
,N474 → N11,edge,N474,N11,4,,,
,N896 → N454,edge,N896,N454,7,,,
,N383 → N163,edge,N383,N163,8,,,
,N2 → N608,edge,N2,N608,5,,,
,N555 → N31,edge,N555,N31,10,,,
,N266 → N800,edge,N266,N800,9,,,
,N941 → N146,edge,N941,N146,9,,,
,N303 → N460,edge,N303,N460,7,,,
,N967 → N312,edge,N967,N312,7,,,
,N69 → N317,edge,N69,N317,8,,,
,N424 → N592,edge,N424,N592,4,,,
,N885 → N677,edge,N885,N677,5,,,
,N380 → N723,edge,N380,N723,6,,,
,N458 → N931,edge,N458,N931,10,,,
,N178 → N296,edge,N178,N296,6,,,
,N976 → N165,edge,N976,N165,6,,,
,N907 → N823,edge,N907,N823,9,,,
,N837 → N878,edge,N837,N878,2,,,
,N371 → N939,edge,N371,N939,1,,,
,N330 → N748,edge,N330,N748,5,,,
,N156 → N286,edge,N156,N286,1,,,
,N497 → N233,edge,N497,N233,4,,,
,N684 → N564,edge,N684,N564,1,,,
,N442 → N831,edge,N442,N831,5,,,
,N981 → N649,edge,N981,N649,4,,,
,N865 → N425,edge,N865,N425,10,,,
,N518 → N226,edge,N518,N226,5,,,
,N225 → N589,edge,N225,N589,4,,,
,N638 → N519,edge,N638,N519,9,,,
,N989 → N994,edge,N989,N994,9,,,
,N995 → N60,edge,N995,N60,5,,,
,N727 → N160,edge,N727,N160,4,,,
,N526 → N244,edge,N526,N244,4,,,
,N751 → N665,edge,N751,N665,10,,,
,N413 → N558,edge,N413,N558,7,,,
,N404 → N552,edge,N404,N552,2,,,
,N665 → N11,edge,N665,N11,4,,,
,N39 → N625,edge,N39,N625,5,,,
,N250 → N466,edge,N250,N466,10,,,
,N160 → N24,edge,N160,N24,9,,,
,N89 → N290,edge,N89,N290,10,,,
,N246 → N722,edge,N246,N722,1,,,
,N763 → N247,edge,N763,N247,5,,,
,N878 → N620,edge,N878,N620,6,,,
,N220 → N421,edge,N220,N421,4,,,
,N662 → N407,edge,N662,N407,7,,,
,N959 → N536,edge,N959,N536,9,,,
,N425 → N576,edge,N425,N576,5,,,
,N702 → N583,edge,N702,N583,1,,,
,N465 → N744,edge,N465,N744,7,,,
,N682 → N979,edge,N682,N979,9,,,
,N650 → N971,edge,N650,N971,1,,,
,N158 → N496,edge,N158,N496,1,,,
,N371 → N435,edge,N371,N435,10,,,
,N619 → N627,edge,N619,N627,2,,,
,N699 → N315,edge,N699,N315,8,,,
,N531 → N889,edge,N531,N889,7,,,
,N57 → N225,edge,N57,N225,5,,,
,N920 → N278,edge,N920,N278,9,,,
,N307 → N197,edge,N307,N197,1,,,
,N176 → N198,edge,N176,N198,9,,,
,N857 → N574,edge,N857,N574,3,,,
,N4 → N827,edge,N4,N827,8,,,
,N550 → N576,edge,N550,N576,1,,,
,N790 → N20,edge,N790,N20,7,,,
,N29 → N949,edge,N29,N949,1,,,
,N59 → N436,edge,N59,N436,7,,,
,N485 → N242,edge,N485,N242,10,,,
,N105 → N478,edge,N105,N478,4,,,
,N432 → N401,edge,N432,N401,9,,,
,N514 → N922,edge,N514,N922,2,,,
,N643 → N846,edge,N643,N846,3,,,
,N452 → N683,edge,N452,N683,3,,,
,N674 → N135,edge,N674,N135,9,,,
,N147 → N693,edge,N147,N693,4,,,
,N181 → N955,edge,N181,N955,5,,,
,N492 → N147,edge,N492,N147,9,,,
,N211 → N372,edge,N211,N372,8,,,
,N371 → N82,edge,N371,N82,8,,,
,N977 → N649,edge,N977,N649,8,,,
,N767 → N153,edge,N767,N153,6,,,
,N787 → N468,edge,N787,N468,6,,,
,N733 → N818,edge,N733,N818,7,,,
,N555 → N865,edge,N555,N865,6,,,
,N99 → N810,edge,N99,N810,4,,,
,N460 → N527,edge,N460,N527,1,,,
,N384 → N803,edge,N384,N803,4,,,
,N406 → N753,edge,N406,N753,8,,,
,N561 → N193,edge,N561,N193,3,,,
,N78 → N620,edge,N78,N620,5,,,
,N774 → N257,edge,N774,N257,6,,,
,N58 → N153,edge,N58,N153,8,,,
,N849 → N464,edge,N849,N464,5,,,
,N113 → N419,edge,N113,N419,7,,,
,N142 → N566,edge,N142,N566,5,,,
,N772 → N916,edge,N772,N916,7,,,
,N710 → N17,edge,N710,N17,3,,,
,N263 → N943,edge,N263,N943,7,,,
,N10 → N269,edge,N10,N269,8,,,
,N414 → N468,edge,N414,N468,9,,,
,N569 → N841,edge,N569,N841,9,,,
,N829 → N73,edge,N829,N73,5,,,
,N456 → N991,edge,N456,N991,6,,,
,N332 → N919,edge,N332,N919,10,,,
,N694 → N364,edge,N694,N364,3,,,
,N253 → N909,edge,N253,N909,4,,,
,N409 → N294,edge,N409,N294,10,,,
,N151 → N854,edge,N151,N854,6,,,
,N159 → N503,edge,N159,N503,8,,,
,N834 → N921,edge,N834,N921,2,,,
,N427 → N842,edge,N427,N842,4,,,
,N111 → N134,edge,N111,N134,10,,,
,N820 → N903,edge,N820,N903,10,,,
,N478 → N591,edge,N478,N591,5,,,
,N987 → N726,edge,N987,N726,8,,,
,N843 → N150,edge,N843,N150,8,,,
,N287 → N936,edge,N287,N936,2,,,
,N286 → N604,edge,N286,N604,7,,,
,N828 → N445,edge,N828,N445,9,,,
,N545 → N735,edge,N545,N735,5,,,
,N802 → N138,edge,N802,N138,1,,,
,N559 → N227,edge,N559,N227,5,,,
,N245 → N875,edge,N245,N875,2,,,
,N976 → N693,edge,N976,N693,2,,,
,N299 → N936,edge,N299,N936,2,,,
,N798 → N558,edge,N798,N558,5,,,
,N667 → N86,edge,N667,N86,4,,,
,N802 → N790,edge,N802,N790,6,,,
,N592 → N343,edge,N592,N343,5,,,
,N453 → N301,edge,N453,N301,1,,,
,N461 → N698,edge,N461,N698,9,,,
,N691 → N35,edge,N691,N35,7,,,
,N527 → N859,edge,N527,N859,3,,,
,N240 → N372,edge,N240,N372,6,,,
,N227 → N348,edge,N227,N348,8,,,
,N819 → N541,edge,N819,N541,9,,,
,N993 → N649,edge,N993,N649,4,,,
,N541 → N96,edge,N541,N96,6,,,
,N166 → N305,edge,N166,N305,1,,,
,N327 → N924,edge,N327,N924,9,,,
,N747 → N934,edge,N747,N934,4,,,
,N626 → N867,edge,N626,N867,4,,,
,N294 → N957,edge,N294,N957,6,,,
,N568 → N678,edge,N568,N678,4,,,
,N899 → N611,edge,N899,N611,9,,,
,N83 → N674,edge,N83,N674,10,,,
,N396 → N850,edge,N396,N850,4,,,
,N884 → N335,edge,N884,N335,1,,,
,N266 → N571,edge,N266,N571,10,,,
,N582 → N628,edge,N582,N628,9,,,
,N19 → N922,edge,N19,N922,7,,,
,N648 → N707,edge,N648,N707,8,,,
,N426 → N12,edge,N426,N12,9,,,
,N485 → N573,edge,N485,N573,7,,,
,N735 → N776,edge,N735,N776,4,,,
,N251 → N225,edge,N251,N225,9,,,
,N144 → N266,edge,N144,N266,9,,,
,N559 → N188,edge,N559,N188,9,,,
,N229 → N147,edge,N229,N147,7,,,
,N58 → N587,edge,N58,N587,7,,,
,N166 → N102,edge,N166,N102,9,,,
,N297 → N546,edge,N297,N546,10,,,
,N76 → N353,edge,N76,N353,2,,,
,N845 → N305,edge,N845,N305,1,,,
,N577 → N562,edge,N577,N562,10,,,
,N403 → N159,edge,N403,N159,5,,,
,N806 → N1,edge,N806,N1,1,,,
,N832 → N173,edge,N832,N173,9,,,
,N48 → N497,edge,N48,N497,9,,,
,N544 → N440,edge,N544,N440,10,,,
,N661 → N649,edge,N661,N649,6,,,
,N43 → N405,edge,N43,N405,10,,,
,N545 → N392,edge,N545,N392,6,,,
,N939 → N765,edge,N939,N765,9,,,
,N573 → N179,edge,N573,N179,2,,,
,N500 → N1,edge,N500,N1,3,,,
,N571 → N256,edge,N571,N256,8,,,
,N533 → N432,edge,N533,N432,7,,,
,N83 → N377,edge,N83,N377,1,,,
,N397 → N283,edge,N397,N283,7,,,
,N12 → N32,edge,N12,N32,1,,,
,N522 → N38,edge,N522,N38,7,,,
,N144 → N27,edge,N144,N27,4,,,
,N245 → N133,edge,N245,N133,3,,,
,N417 → N490,edge,N417,N490,2,,,
,N591 → N511,edge,N591,N511,7,,,
,N277 → N834,edge,N277,N834,9,,,
,N778 → N733,edge,N778,N733,4,,,
,N198 → N668,edge,N198,N668,5,,,
,N752 → N422,edge,N752,N422,10,,,
,N481 → N322,edge,N481,N322,4,,,
,N376 → N675,edge,N376,N675,5,,,
,N416 → N703,edge,N416,N703,8,,,
,N381 → N32,edge,N381,N32,6,,,
,N521 → N162,edge,N521,N162,9,,,
,N87 → N223,edge,N87,N223,7,,,
,N816 → N791,edge,N816,N791,2,,,
,N76 → N983,edge,N76,N983,2,,,
,N170 → N986,edge,N170,N986,8,,,
,N189 → N846,edge,N189,N846,10,,,
,N43 → N558,edge,N43,N558,5,,,
,N705 → N387,edge,N705,N387,5,,,
,N757 → N489,edge,N757,N489,1,,,
,N49 → N315,edge,N49,N315,7,,,
,N544 → N843,edge,N544,N843,7,,,
,N59 → N589,edge,N59,N589,5,,,
,N408 → N279,edge,N408,N279,2,,,
,N320 → N815,edge,N320,N815,3,,,
,N712 → N587,edge,N712,N587,6,,,
,N243 → N487,edge,N243,N487,6,,,
,N661 → N271,edge,N661,N271,6,,,
,N405 → N313,edge,N405,N313,9,,,
,N154 → N675,edge,N154,N675,7,,,
,N369 → N633,edge,N369,N633,6,,,
,N403 → N647,edge,N403,N647,3,,,
,N356 → N962,edge,N356,N962,7,,,
,N252 → N5,edge,N252,N5,4,,,
,N143 → N854,edge,N143,N854,8,,,
,N325 → N707,edge,N325,N707,9,,,
,N468 → N268,edge,N468,N268,7,,,
,N277 → N235,edge,N277,N235,6,,,
,N892 → N22,edge,N892,N22,8,,,
,N145 → N941,edge,N145,N941,1,,,
,N968 → N272,edge,N968,N272,7,,,
,N547 → N853,edge,N547,N853,9,,,
,N377 → N710,edge,N377,N710,4,,,
,N317 → N297,edge,N317,N297,10,,,
,N775 → N893,edge,N775,N893,8,,,
,N326 → N570,edge,N326,N570,8,,,
,N623 → N133,edge,N623,N133,6,,,
,N691 → N409,edge,N691,N409,2,,,
,N261 → N253,edge,N261,N253,1,,,
,N950 → N421,edge,N950,N421,10,,,
,N339 → N10,edge,N339,N10,7,,,
,N899 → N514,edge,N899,N514,2,,,
,N317 → N838,edge,N317,N838,3,,,
,N815 → N705,edge,N815,N705,3,,,
,N40 → N414,edge,N40,N414,5,,,
,N825 → N40,edge,N825,N40,8,,,
,N477 → N797,edge,N477,N797,2,,,
,N803 → N753,edge,N803,N753,7,,,
,N245 → N311,edge,N245,N311,3,,,
,N919 → N554,edge,N919,N554,7,,,
,N445 → N19,edge,N445,N19,8,,,
,N905 → N926,edge,N905,N926,1,,,
,N742 → N264,edge,N742,N264,1,,,
,N160 → N666,edge,N160,N666,10,,,
,N222 → N575,edge,N222,N575,7,,,
,N847 → N154,edge,N847,N154,1,,,
,N100 → N735,edge,N100,N735,7,,,
,N430 → N386,edge,N430,N386,1,,,
,N371 → N54,edge,N371,N54,6,,,
,N749 → N274,edge,N749,N274,5,,,
,N386 → N831,edge,N386,N831,6,,,
,N952 → N24,edge,N952,N24,5,,,
,N895 → N251,edge,N895,N251,5,,,
,N399 → N112,edge,N399,N112,9,,,
,N15 → N180,edge,N15,N180,3,,,
,N226 → N345,edge,N226,N345,1,,,
,N523 → N985,edge,N523,N985,10,,,
,N550 → N639,edge,N550,N639,5,,,
,N245 → N754,edge,N245,N754,8,,,
,N376 → N635,edge,N376,N635,7,,,
,N707 → N260,edge,N707,N260,7,,,
,N962 → N243,edge,N962,N243,2,,,
,N373 → N474,edge,N373,N474,10,,,
,N652 → N310,edge,N652,N310,7,,,
,N995 → N857,edge,N995,N857,1,,,
,N760 → N730,edge,N760,N730,9,,,
,N514 → N518,edge,N514,N518,4,,,
,N187 → N155,edge,N187,N155,10,,,
,N645 → N397,edge,N645,N397,4,,,
,N119 → N800,edge,N119,N800,2,,,
,N715 → N386,edge,N715,N386,4,,,
,N541 → N357,edge,N541,N357,1,,,
,N956 → N820,edge,N956,N820,4,,,
,N516 → N537,edge,N516,N537,3,,,
,N327 → N839,edge,N327,N839,5,,,
,N680 → N435,edge,N680,N435,6,,,
,N106 → N519,edge,N106,N519,1,,,
,N329 → N160,edge,N329,N160,7,,,
,N777 → N983,edge,N777,N983,5,,,
,N598 → N316,edge,N598,N316,5,,,
,N690 → N499,edge,N690,N499,6,,,
,N770 → N246,edge,N770,N246,4,,,
,N526 → N791,edge,N526,N791,5,,,
,N557 → N896,edge,N557,N896,9,,,
,N742 → N968,edge,N742,N968,6,,,
,N585 → N539,edge,N585,N539,5,,,
,N862 → N310,edge,N862,N310,1,,,
,N244 → N831,edge,N244,N831,3,,,
,N628 → N491,edge,N628,N491,2,,,
,N598 → N373,edge,N598,N373,8,,,
,N714 → N677,edge,N714,N677,10,,,
,N859 → N278,edge,N859,N278,4,,,
,N554 → N708,edge,N554,N708,9,,,
,N715 → N873,edge,N715,N873,3,,,
,N795 → N261,edge,N795,N261,2,,,
,N10 → N375,edge,N10,N375,7,,,
,N662 → N636,edge,N662,N636,8,,,
,N812 → N341,edge,N812,N341,5,,,
,N163 → N287,edge,N163,N287,4,,,
,N362 → N450,edge,N362,N450,3,,,
,N561 → N309,edge,N561,N309,9,,,
,N590 → N310,edge,N590,N310,8,,,
,N450 → N171,edge,N450,N171,2,,,
,N8 → N659,edge,N8,N659,10,,,
,N564 → N916,edge,N564,N916,7,,,
,N236 → N504,edge,N236,N504,6,,,
,N984 → N185,edge,N984,N185,9,,,
,N791 → N156,edge,N791,N156,7,,,
,N587 → N941,edge,N587,N941,2,,,
,N60 → N661,edge,N60,N661,1,,,
,N95 → N722,edge,N95,N722,2,,,
,N640 → N300,edge,N640,N300,1,,,
,N298 → N9,edge,N298,N9,1,,,
,N368 → N982,edge,N368,N982,7,,,
,N866 → N708,edge,N866,N708,5,,,
,N909 → N756,edge,N909,N756,9,,,
,N68 → N818,edge,N68,N818,6,,,
,N604 → N599,edge,N604,N599,6,,,
,N36 → N904,edge,N36,N904,10,,,
,N53 → N812,edge,N53,N812,6,,,
,N200 → N531,edge,N200,N531,1,,,
,N225 → N834,edge,N225,N834,2,,,
,N534 → N746,edge,N534,N746,1,,,
,N610 → N115,edge,N610,N115,2,,,
,N69 → N832,edge,N69,N832,9,,,
,N421 → N366,edge,N421,N366,2,,,
,N320 → N538,edge,N320,N538,2,,,
,N432 → N847,edge,N432,N847,3,,,
,N625 → N604,edge,N625,N604,8,,,
,N11 → N951,edge,N11,N951,1,,,
,N798 → N224,edge,N798,N224,6,,,
,N636 → N520,edge,N636,N520,2,,,
,N617 → N284,edge,N617,N284,2,,,
,N882 → N176,edge,N882,N176,6,,,
,N256 → N798,edge,N256,N798,2,,,
,N330 → N578,edge,N330,N578,10,,,
,N867 → N958,edge,N867,N958,7,,,
,N640 → N628,edge,N640,N628,5,,,
,N526 → N217,edge,N526,N217,4,,,
,N723 → N321,edge,N723,N321,5,,,
,N952 → N999,edge,N952,N999,3,,,
,N277 → N36,edge,N277,N36,5,,,
,N24 → N541,edge,N24,N541,9,,,
,N570 → N278,edge,N570,N278,3,,,
,N587 → N477,edge,N587,N477,2,,,
,N574 → N190,edge,N574,N190,7,,,
,N220 → N636,edge,N220,N636,5,,,
,N511 → N72,edge,N511,N72,8,,,
,N587 → N365,edge,N587,N365,5,,,
,N329 → N188,edge,N329,N188,4,,,
,N216 → N132,edge,N216,N132,5,,,
,N70 → N147,edge,N70,N147,4,,,
,N865 → N296,edge,N865,N296,9,,,
,N266 → N686,edge,N266,N686,3,,,
,N577 → N748,edge,N577,N748,8,,,
,N980 → N44,edge,N980,N44,5,,,
,N707 → N437,edge,N707,N437,5,,,
,N831 → N74,edge,N831,N74,10,,,
,N768 → N436,edge,N768,N436,8,,,
,N224 → N830,edge,N224,N830,5,,,
,N230 → N250,edge,N230,N250,4,,,
,N11 → N974,edge,N11,N974,8,,,
,N890 → N307,edge,N890,N307,1,,,
,N571 → N4,edge,N571,N4,1,,,
,N11 → N490,edge,N11,N490,5,,,
,N221 → N838,edge,N221,N838,7,,,
,N460 → N195,edge,N460,N195,9,,,
,N154 → N694,edge,N154,N694,9,,,
,N583 → N17,edge,N583,N17,3,,,
,N942 → N880,edge,N942,N880,7,,,
,N111 → N459,edge,N111,N459,10,,,
,N140 → N102,edge,N140,N102,4,,,
,N454 → N928,edge,N454,N928,2,,,
,N529 → N263,edge,N529,N263,9,,,
,N959 → N255,edge,N959,N255,3,,,
,N539 → N168,edge,N539,N168,1,,,
,N32 → N405,edge,N32,N405,7,,,
,N914 → N378,edge,N914,N378,4,,,
,N995 → N422,edge,N995,N422,2,,,
,N301 → N40,edge,N301,N40,1,,,
,N995 → N647,edge,N995,N647,4,,,
,N53 → N408,edge,N53,N408,8,,,
,N345 → N610,edge,N345,N610,4,,,
,N676 → N722,edge,N676,N722,6,,,
,N273 → N917,edge,N273,N917,8,,,
,N293 → N7,edge,N293,N7,3,,,
,N31 → N936,edge,N31,N936,1,,,
,N214 → N789,edge,N214,N789,3,,,
,N481 → N865,edge,N481,N865,10,,,
,N397 → N986,edge,N397,N986,9,,,
,N937 → N899,edge,N937,N899,1,,,
,N649 → N414,edge,N649,N414,6,,,
,N392 → N66,edge,N392,N66,3,,,
,N532 → N596,edge,N532,N596,2,,,
,N378 → N331,edge,N378,N331,8,,,
,N492 → N101,edge,N492,N101,9,,,
,N602 → N293,edge,N602,N293,10,,,
,N232 → N524,edge,N232,N524,8,,,
,N998 → N680,edge,N998,N680,5,,,
,N942 → N196,edge,N942,N196,10,,,
,N950 → N744,edge,N950,N744,7,,,
,N291 → N661,edge,N291,N661,4,,,
,N298 → N866,edge,N298,N866,7,,,
,N10 → N713,edge,N10,N713,6,,,
,N61 → N433,edge,N61,N433,2,,,
,N225 → N985,edge,N225,N985,2,,,
,N997 → N929,edge,N997,N929,10,,,
,N463 → N781,edge,N463,N781,4,,,
,N332 → N330,edge,N332,N330,8,,,
,N532 → N277,edge,N532,N277,6,,,
,N939 → N409,edge,N939,N409,4,,,
,N441 → N833,edge,N441,N833,7,,,
,N279 → N365,edge,N279,N365,7,,,
,N114 → N882,edge,N114,N882,2,,,
,N19 → N730,edge,N19,N730,1,,,
,N246 → N119,edge,N246,N119,8,,,
,N870 → N362,edge,N870,N362,9,,,
,N998 → N856,edge,N998,N856,5,,,
,N725 → N475,edge,N725,N475,5,,,
,N713 → N943,edge,N713,N943,5,,,
,N907 → N194,edge,N907,N194,4,,,
,N125 → N624,edge,N125,N624,5,,,
,N371 → N353,edge,N371,N353,4,,,
,N345 → N564,edge,N345,N564,7,,,
,N443 → N130,edge,N443,N130,3,,,
,N407 → N982,edge,N407,N982,5,,,
,N281 → N309,edge,N281,N309,4,,,
,N591 → N279,edge,N591,N279,3,,,
,N47 → N906,edge,N47,N906,6,,,
,N243 → N498,edge,N243,N498,6,,,
,N172 → N494,edge,N172,N494,8,,,
,N771 → N847,edge,N771,N847,5,,,
,N541 → N696,edge,N541,N696,3,,,
,N248 → N742,edge,N248,N742,7,,,
,N255 → N343,edge,N255,N343,6,,,
,N171 → N152,edge,N171,N152,4,,,
,N214 → N69,edge,N214,N69,4,,,
,N622 → N359,edge,N622,N359,3,,,
,N831 → N98,edge,N831,N98,2,,,
,N195 → N794,edge,N195,N794,7,,,
,N338 → N120,edge,N338,N120,5,,,
,N19 → N494,edge,N19,N494,2,,,
,N426 → N804,edge,N426,N804,1,,,
,N129 → N484,edge,N129,N484,5,,,
,N742 → N652,edge,N742,N652,10,,,
,N390 → N654,edge,N390,N654,5,,,
,N301 → N692,edge,N301,N692,9,,,
,N196 → N669,edge,N196,N669,6,,,
,N427 → N955,edge,N427,N955,2,,,
,N982 → N899,edge,N982,N899,4,,,
,N620 → N320,edge,N620,N320,9,,,
,N152 → N915,edge,N152,N915,7,,,
,N125 → N265,edge,N125,N265,7,,,
,N996 → N934,edge,N996,N934,5,,,
,N940 → N290,edge,N940,N290,8,,,
,N185 → N867,edge,N185,N867,2,,,
,N347 → N301,edge,N347,N301,5,,,
,N107 → N649,edge,N107,N649,10,,,
,N434 → N632,edge,N434,N632,10,,,
,N317 → N356,edge,N317,N356,8,,,
,N754 → N750,edge,N754,N750,6,,,
,N142 → N659,edge,N142,N659,10,,,
,N456 → N540,edge,N456,N540,10,,,
,N493 → N950,edge,N493,N950,1,,,
,N977 → N327,edge,N977,N327,1,,,
,N172 → N232,edge,N172,N232,3,,,
,N589 → N381,edge,N589,N381,2,,,
,N471 → N873,edge,N471,N873,9,,,
,N89 → N99,edge,N89,N99,8,,,
,N694 → N533,edge,N694,N533,8,,,
,N736 → N818,edge,N736,N818,6,,,
,N977 → N476,edge,N977,N476,1,,,
,N469 → N0,edge,N469,N0,9,,,
,N507 → N226,edge,N507,N226,1,,,
,N917 → N162,edge,N917,N162,5,,,
,N114 → N291,edge,N114,N291,3,,,
,N514 → N325,edge,N514,N325,6,,,
,N486 → N449,edge,N486,N449,10,,,
,N389 → N629,edge,N389,N629,1,,,
,N509 → N248,edge,N509,N248,4,,,
,N159 → N865,edge,N159,N865,8,,,
,N327 → N339,edge,N327,N339,7,,,
,N192 → N195,edge,N192,N195,6,,,
,N742 → N578,edge,N742,N578,5,,,
,N703 → N201,edge,N703,N201,9,,,
,N424 → N142,edge,N424,N142,6,,,
,N676 → N622,edge,N676,N622,2,,,
,N458 → N766,edge,N458,N766,1,,,
,N149 → N869,edge,N149,N869,4,,,
,N430 → N137,edge,N430,N137,1,,,
,N657 → N189,edge,N657,N189,2,,,
,N296 → N522,edge,N296,N522,3,,,
,N963 → N636,edge,N963,N636,8,,,
,N836 → N567,edge,N836,N567,4,,,
,N687 → N76,edge,N687,N76,7,,,
,N91 → N443,edge,N91,N443,1,,,
,N604 → N775,edge,N604,N775,5,,,
,N833 → N980,edge,N833,N980,1,,,
,N564 → N986,edge,N564,N986,1,,,
,N518 → N359,edge,N518,N359,4,,,
,N206 → N381,edge,N206,N381,9,,,
,N191 → N24,edge,N191,N24,2,,,
,N204 → N568,edge,N204,N568,6,,,
,N763 → N853,edge,N763,N853,2,,,
,N866 → N942,edge,N866,N942,4,,,
,N709 → N725,edge,N709,N725,3,,,
,N951 → N146,edge,N951,N146,6,,,
,N255 → N398,edge,N255,N398,4,,,
,N869 → N655,edge,N869,N655,1,,,
,N257 → N212,edge,N257,N212,10,,,
,N791 → N971,edge,N791,N971,8,,,
,N476 → N503,edge,N476,N503,7,,,
,N860 → N353,edge,N860,N353,8,,,
,N418 → N788,edge,N418,N788,4,,,
,N481 → N675,edge,N481,N675,9,,,
,N313 → N190,edge,N313,N190,2,,,
,N466 → N780,edge,N466,N780,9,,,
,N185 → N349,edge,N185,N349,4,,,
,N626 → N494,edge,N626,N494,10,,,
,N558 → N211,edge,N558,N211,2,,,
,N84 → N197,edge,N84,N197,6,,,
,N179 → N680,edge,N179,N680,3,,,
,N985 → N547,edge,N985,N547,6,,,
,N323 → N574,edge,N323,N574,2,,,
,N402 → N230,edge,N402,N230,9,,,
,N772 → N14,edge,N772,N14,1,,,
,N46 → N571,edge,N46,N571,5,,,
,N764 → N694,edge,N764,N694,3,,,
,N411 → N240,edge,N411,N240,5,,,
,N628 → N747,edge,N628,N747,3,,,
,N540 → N278,edge,N540,N278,2,,,
,N669 → N64,edge,N669,N64,10,,,
,N760 → N17,edge,N760,N17,7,,,
,N784 → N918,edge,N784,N918,4,,,
,N640 → N265,edge,N640,N265,6,,,
,N304 → N721,edge,N304,N721,1,,,
,N407 → N839,edge,N407,N839,2,,,
,N385 → N806,edge,N385,N806,3,,,
,N623 → N812,edge,N623,N812,6,,,
,N664 → N246,edge,N664,N246,6,,,
,N268 → N244,edge,N268,N244,8,,,
,N135 → N718,edge,N135,N718,10,,,
,N740 → N312,edge,N740,N312,9,,,
,N684 → N161,edge,N684,N161,4,,,
,N710 → N109,edge,N710,N109,3,,,
,N559 → N916,edge,N559,N916,5,,,
,N953 → N298,edge,N953,N298,3,,,
,N623 → N145,edge,N623,N145,2,,,
,N597 → N452,edge,N597,N452,7,,,
,N628 → N691,edge,N628,N691,2,,,
,N209 → N27,edge,N209,N27,4,,,
,N958 → N623,edge,N958,N623,1,,,
,N643 → N885,edge,N643,N885,9,,,
,N432 → N250,edge,N432,N250,2,,,
,N36 → N329,edge,N36,N329,5,,,
,N219 → N533,edge,N219,N533,3,,,
,N357 → N766,edge,N357,N766,7,,,
,N515 → N944,edge,N515,N944,4,,,
,N92 → N850,edge,N92,N850,10,,,
,N541 → N259,edge,N541,N259,4,,,
,N865 → N159,edge,N865,N159,1,,,
,N450 → N42,edge,N450,N42,9,,,
,N940 → N161,edge,N940,N161,3,,,
,N827 → N169,edge,N827,N169,9,,,
,N54 → N581,edge,N54,N581,5,,,
,N928 → N288,edge,N928,N288,8,,,
,N550 → N444,edge,N550,N444,2,,,
,N385 → N475,edge,N385,N475,7,,,
,N545 → N495,edge,N545,N495,6,,,
,N86 → N58,edge,N86,N58,8,,,
,N914 → N882,edge,N914,N882,9,,,
,N603 → N509,edge,N603,N509,2,,,
,N122 → N913,edge,N122,N913,3,,,
,N748 → N820,edge,N748,N820,9,,,
,N737 → N262,edge,N737,N262,10,,,
,N397 → N702,edge,N397,N702,4,,,
,N555 → N391,edge,N555,N391,1,,,
,N867 → N9,edge,N867,N9,10,,,
,N115 → N758,edge,N115,N758,10,,,
,N706 → N985,edge,N706,N985,4,,,
,N692 → N161,edge,N692,N161,9,,,
,N356 → N11,edge,N356,N11,6,,,
,N953 → N949,edge,N953,N949,6,,,
,N70 → N436,edge,N70,N436,2,,,
,N448 → N579,edge,N448,N579,6,,,
,N213 → N214,edge,N213,N214,4,,,
,N349 → N312,edge,N349,N312,1,,,
,N825 → N468,edge,N825,N468,5,,,
,N584 → N342,edge,N584,N342,1,,,
,N970 → N545,edge,N970,N545,5,,,
,N438 → N207,edge,N438,N207,5,,,
,N541 → N966,edge,N541,N966,2,,,
,N934 → N557,edge,N934,N557,10,,,
,N264 → N938,edge,N264,N938,5,,,
,N184 → N742,edge,N184,N742,9,,,
,N151 → N262,edge,N151,N262,10,,,
,N451 → N806,edge,N451,N806,10,,,
,N319 → N803,edge,N319,N803,4,,,
,N631 → N38,edge,N631,N38,8,,,
,N114 → N55,edge,N114,N55,1,,,
,N609 → N426,edge,N609,N426,8,,,
,N864 → N560,edge,N864,N560,2,,,
,N921 → N967,edge,N921,N967,2,,,
,N964 → N636,edge,N964,N636,7,,,
,N603 → N868,edge,N603,N868,5,,,
,N401 → N892,edge,N401,N892,5,,,
,N336 → N977,edge,N336,N977,3,,,
,N106 → N890,edge,N106,N890,3,,,
,N203 → N980,edge,N203,N980,1,,,
,N503 → N538,edge,N503,N538,2,,,
,N490 → N568,edge,N490,N568,7,,,
,N392 → N881,edge,N392,N881,7,,,
,N411 → N235,edge,N411,N235,4,,,
,N511 → N144,edge,N511,N144,6,,,
,N659 → N276,edge,N659,N276,9,,,
,N395 → N30,edge,N395,N30,3,,,
,N343 → N682,edge,N343,N682,9,,,
,N620 → N562,edge,N620,N562,7,,,
,N569 → N474,edge,N569,N474,10,,,
,N878 → N231,edge,N878,N231,9,,,
,N41 → N566,edge,N41,N566,10,,,
,N834 → N947,edge,N834,N947,3,,,
,N68 → N183,edge,N68,N183,6,,,
,N864 → N665,edge,N864,N665,3,,,
,N900 → N699,edge,N900,N699,9,,,
,N559 → N448,edge,N559,N448,7,,,
,N696 → N184,edge,N696,N184,8,,,
,N8 → N366,edge,N8,N366,5,,,
,N222 → N639,edge,N222,N639,8,,,
,N452 → N238,edge,N452,N238,6,,,
,N507 → N496,edge,N507,N496,8,,,
,N447 → N898,edge,N447,N898,4,,,
,N453 → N570,edge,N453,N570,1,,,
,N878 → N92,edge,N878,N92,10,,,
,N172 → N498,edge,N172,N498,1,,,
,N117 → N880,edge,N117,N880,8,,,
,N902 → N750,edge,N902,N750,3,,,
,N782 → N209,edge,N782,N209,3,,,
,N569 → N590,edge,N569,N590,5,,,
,N27 → N891,edge,N27,N891,1,,,
,N59 → N34,edge,N59,N34,2,,,
,N504 → N667,edge,N504,N667,1,,,
,N190 → N802,edge,N190,N802,5,,,
,N265 → N45,edge,N265,N45,7,,,
,N700 → N516,edge,N700,N516,10,,,
,N44 → N272,edge,N44,N272,2,,,
,N849 → N348,edge,N849,N348,10,,,
,N503 → N252,edge,N503,N252,9,,,
,N405 → N928,edge,N405,N928,4,,,
,N495 → N152,edge,N495,N152,3,,,
,N425 → N269,edge,N425,N269,1,,,
,N737 → N547,edge,N737,N547,1,,,
,N819 → N860,edge,N819,N860,2,,,
,N769 → N33,edge,N769,N33,5,,,
,N543 → N652,edge,N543,N652,2,,,
,N43 → N780,edge,N43,N780,5,,,
,N977 → N593,edge,N977,N593,4,,,
,N523 → N818,edge,N523,N818,9,,,
,N283 → N408,edge,N283,N408,10,,,
,N645 → N366,edge,N645,N366,5,,,
,N267 → N541,edge,N267,N541,1,,,
,N885 → N889,edge,N885,N889,3,,,
,N40 → N158,edge,N40,N158,2,,,
,N744 → N371,edge,N744,N371,6,,,
,N629 → N827,edge,N629,N827,9,,,
,N439 → N550,edge,N439,N550,5,,,
,N694 → N684,edge,N694,N684,8,,,
,N471 → N79,edge,N471,N79,7,,,
,N644 → N566,edge,N644,N566,6,,,
,N307 → N945,edge,N307,N945,5,,,
,N947 → N479,edge,N947,N479,6,,,
,N632 → N687,edge,N632,N687,1,,,
,N330 → N708,edge,N330,N708,8,,,
,N992 → N939,edge,N992,N939,2,,,
,N465 → N828,edge,N465,N828,9,,,
,N813 → N411,edge,N813,N411,8,,,
,N780 → N646,edge,N780,N646,7,,,
,N419 → N91,edge,N419,N91,10,,,
,N371 → N391,edge,N371,N391,4,,,
,N725 → N235,edge,N725,N235,9,,,
,N514 → N173,edge,N514,N173,7,,,
,N397 → N561,edge,N397,N561,1,,,
,N320 → N773,edge,N320,N773,9,,,
,N429 → N201,edge,N429,N201,6,,,
,N154 → N789,edge,N154,N789,10,,,
,N465 → N435,edge,N465,N435,4,,,
,N720 → N246,edge,N720,N246,2,,,
,N980 → N226,edge,N980,N226,4,,,
,N788 → N803,edge,N788,N803,6,,,
,N560 → N424,edge,N560,N424,1,,,
,N665 → N488,edge,N665,N488,5,,,
,N374 → N71,edge,N374,N71,8,,,
,N576 → N450,edge,N576,N450,4,,,
,N403 → N613,edge,N403,N613,3,,,
,N436 → N49,edge,N436,N49,5,,,
,N932 → N352,edge,N932,N352,9,,,
,N822 → N108,edge,N822,N108,1,,,
,N926 → N974,edge,N926,N974,7,,,
,N479 → N615,edge,N479,N615,9,,,
,N727 → N387,edge,N727,N387,6,,,
,N425 → N796,edge,N425,N796,3,,,
,N538 → N174,edge,N538,N174,2,,,
,N696 → N76,edge,N696,N76,9,,,
,N261 → N793,edge,N261,N793,3,,,
,N929 → N22,edge,N929,N22,5,,,
,N475 → N473,edge,N475,N473,6,,,
,N206 → N251,edge,N206,N251,6,,,
,N306 → N59,edge,N306,N59,9,,,
,N437 → N879,edge,N437,N879,5,,,
,N718 → N631,edge,N718,N631,9,,,
,N837 → N273,edge,N837,N273,2,,,
,N181 → N715,edge,N181,N715,8,,,
,N214 → N570,edge,N214,N570,7,,,
,N563 → N649,edge,N563,N649,5,,,
,N559 → N122,edge,N559,N122,9,,,
,N639 → N718,edge,N639,N718,7,,,
,N592 → N597,edge,N592,N597,8,,,
,N900 → N355,edge,N900,N355,2,,,
,N802 → N785,edge,N802,N785,10,,,
,N391 → N149,edge,N391,N149,6,,,
,N365 → N116,edge,N365,N116,9,,,
,N14 → N674,edge,N14,N674,6,,,
,N688 → N749,edge,N688,N749,8,,,
,N939 → N622,edge,N939,N622,3,,,
,N622 → N396,edge,N622,N396,8,,,
,N318 → N899,edge,N318,N899,2,,,
,N591 → N502,edge,N591,N502,2,,,
,N856 → N762,edge,N856,N762,4,,,
,N868 → N739,edge,N868,N739,1,,,
,N731 → N473,edge,N731,N473,3,,,
,N68 → N159,edge,N68,N159,7,,,
,N791 → N542,edge,N791,N542,6,,,
,N318 → N683,edge,N318,N683,5,,,
,N362 → N239,edge,N362,N239,9,,,
,N394 → N441,edge,N394,N441,2,,,
,N723 → N574,edge,N723,N574,4,,,
,N246 → N112,edge,N246,N112,10,,,
,N387 → N370,edge,N387,N370,4,,,
,N589 → N93,edge,N589,N93,4,,,
,N208 → N843,edge,N208,N843,4,,,
,N89 → N276,edge,N89,N276,7,,,
,N397 → N633,edge,N397,N633,9,,,
,N50 → N998,edge,N50,N998,4,,,
,N234 → N421,edge,N234,N421,3,,,
,N723 → N100,edge,N723,N100,8,,,
,N584 → N692,edge,N584,N692,3,,,
,N60 → N624,edge,N60,N624,7,,,
,N674 → N361,edge,N674,N361,9,,,
,N659 → N55,edge,N659,N55,9,,,
,N369 → N593,edge,N369,N593,9,,,
,N270 → N516,edge,N270,N516,8,,,
,N702 → N258,edge,N702,N258,1,,,
,N214 → N559,edge,N214,N559,10,,,
,N644 → N595,edge,N644,N595,8,,,
,N129 → N97,edge,N129,N97,6,,,
,N741 → N442,edge,N741,N442,2,,,
,N250 → N454,edge,N250,N454,10,,,
,N798 → N290,edge,N798,N290,9,,,
,N334 → N71,edge,N334,N71,10,,,
,N289 → N736,edge,N289,N736,9,,,
,N383 → N985,edge,N383,N985,8,,,
,N163 → N954,edge,N163,N954,10,,,
,N392 → N810,edge,N392,N810,8,,,
,N906 → N853,edge,N906,N853,8,,,
,N930 → N73,edge,N930,N73,6,,,
,N633 → N46,edge,N633,N46,6,,,
,N94 → N586,edge,N94,N586,5,,,
,N842 → N707,edge,N842,N707,1,,,
,N974 → N347,edge,N974,N347,6,,,
,N971 → N34,edge,N971,N34,5,,,
,N316 → N979,edge,N316,N979,9,,,
,N946 → N697,edge,N946,N697,5,,,
,N448 → N54,edge,N448,N54,4,,,
,N895 → N796,edge,N895,N796,6,,,
,N572 → N781,edge,N572,N781,1,,,
,N931 → N310,edge,N931,N310,10,,,
,N861 → N151,edge,N861,N151,2,,,
,N319 → N465,edge,N319,N465,3,,,
,N792 → N160,edge,N792,N160,6,,,
,N386 → N871,edge,N386,N871,5,,,
,N473 → N112,edge,N473,N112,7,,,
,N216 → N212,edge,N216,N212,6,,,
,N7 → N79,edge,N7,N79,6,,,
,N536 → N947,edge,N536,N947,5,,,
,N0 → N536,edge,N0,N536,2,,,
,N733 → N195,edge,N733,N195,2,,,
,N136 → N70,edge,N136,N70,2,,,
,N865 → N33,edge,N865,N33,1,,,
,N643 → N623,edge,N643,N623,1,,,
,N961 → N912,edge,N961,N912,6,,,
,N230 → N188,edge,N230,N188,9,,,
,N341 → N618,edge,N341,N618,3,,,
,N400 → N671,edge,N400,N671,1,,,
,N445 → N4,edge,N445,N4,1,,,
,N59 → N466,edge,N59,N466,10,,,
,N716 → N504,edge,N716,N504,5,,,
,N631 → N762,edge,N631,N762,5,,,
,N596 → N425,edge,N596,N425,7,,,
,N131 → N957,edge,N131,N957,1,,,
,N730 → N82,edge,N730,N82,4,,,
,N890 → N148,edge,N890,N148,4,,,
,N846 → N245,edge,N846,N245,9,,,
,N419 → N286,edge,N419,N286,2,,,
,N582 → N493,edge,N582,N493,1,,,
,N115 → N453,edge,N115,N453,4,,,
,N628 → N989,edge,N628,N989,3,,,
,N737 → N826,edge,N737,N826,8,,,
,N472 → N114,edge,N472,N114,2,,,
,N690 → N821,edge,N690,N821,8,,,
,N637 → N290,edge,N637,N290,7,,,
,N124 → N297,edge,N124,N297,2,,,
,N564 → N966,edge,N564,N966,10,,,
,N646 → N545,edge,N646,N545,8,,,
,N758 → N280,edge,N758,N280,5,,,
,N712 → N750,edge,N712,N750,10,,,
,N69 → N342,edge,N69,N342,1,,,
,N853 → N346,edge,N853,N346,7,,,
,N866 → N340,edge,N866,N340,7,,,
,N162 → N53,edge,N162,N53,1,,,
,N341 → N688,edge,N341,N688,7,,,
,N415 → N611,edge,N415,N611,5,,,
,N256 → N153,edge,N256,N153,10,,,
,N242 → N72,edge,N242,N72,7,,,
,N162 → N276,edge,N162,N276,4,,,
,N174 → N814,edge,N174,N814,5,,,
,N102 → N578,edge,N102,N578,4,,,
,N786 → N854,edge,N786,N854,7,,,
,N867 → N817,edge,N867,N817,8,,,
,N367 → N136,edge,N367,N136,4,,,
,N72 → N328,edge,N72,N328,8,,,
,N337 → N808,edge,N337,N808,4,,,
,N296 → N186,edge,N296,N186,7,,,
,N45 → N523,edge,N45,N523,8,,,
,N665 → N910,edge,N665,N910,5,,,
,N356 → N780,edge,N356,N780,9,,,
,N4 → N917,edge,N4,N917,6,,,
,N989 → N232,edge,N989,N232,4,,,
,N848 → N835,edge,N848,N835,6,,,
,N756 → N295,edge,N756,N295,10,,,
,N388 → N988,edge,N388,N988,6,,,
,N995 → N835,edge,N995,N835,9,,,
,N1 → N124,edge,N1,N124,2,,,
,N635 → N294,edge,N635,N294,5,,,
,N650 → N446,edge,N650,N446,6,,,
,N887 → N915,edge,N887,N915,7,,,
,N470 → N237,edge,N470,N237,6,,,
,N372 → N425,edge,N372,N425,4,,,
,N365 → N872,edge,N365,N872,6,,,
,N353 → N649,edge,N353,N649,7,,,
,N401 → N339,edge,N401,N339,2,,,
,N824 → N515,edge,N824,N515,3,,,
,N424 → N815,edge,N424,N815,3,,,
,N689 → N954,edge,N689,N954,9,,,
,N429 → N100,edge,N429,N100,8,,,
,N913 → N40,edge,N913,N40,6,,,
